reference_entropy_weight,entropy_weight,metric,direction,n_dates,reference_mean,candidate_mean,mean_difference_candidate_minus_reference,mean_improvement_pct,wins,ties,losses,wilcoxon_p_value
0.0,0.0,mean_flow_time_seconds,minimize,92,440.88618899625766,440.88618899625766,0.0,0.0,0,92,0,1.0
0.0,0.05,mean_flow_time_seconds,minimize,92,440.88618899625766,440.95097929050456,0.06479029424684304,-0.03482850765320241,0,91,1,0.31731050786291415
0.0,0.1,mean_flow_time_seconds,minimize,92,440.88618899625766,440.6014757150208,-0.2847132812368394,0.016698115012928928,2,88,2,0.4652088184521418
0.0,0.25,mean_flow_time_seconds,minimize,92,440.88618899625766,441.1468021479133,0.26061315165569743,-0.09956606804069122,4,82,6,0.5076243443095237
0.0,0.5,mean_flow_time_seconds,minimize,92,440.88618899625766,441.4093623601477,0.5231733638900886,-0.2804137813730289,6,78,8,0.39672623294506304
0.0,0.75,mean_flow_time_seconds,minimize,92,440.88618899625766,442.35948976573565,1.473300769477929,-0.5707275881273325,6,75,11,0.09285953143064656
0.0,1.0,mean_flow_time_seconds,minimize,92,440.88618899625766,443.46788417073975,2.5816951744821317,-0.8637847827409498,6,72,14,0.020633435105949553
0.0,2.0,mean_flow_time_seconds,minimize,92,440.88618899625766,446.44086675996596,5.554677763708382,-1.5311681884807948,8,61,23,0.001141828573450439
0.0,4.0,mean_flow_time_seconds,minimize,92,440.88618899625766,456.884572990309,15.998383994051343,-3.9052051380152477,7,43,42,5.210085375739284e-07
0.0,8.0,mean_flow_time_seconds,minimize,92,440.88618899625766,464.5774179742172,23.691228977959593,-6.098034226172685,6,34,52,6.826117208031505e-09
0.0,0.0,makespan_seconds,minimize,92,13697.849826087038,13697.849826087038,0.0,0.0,0,92,0,1.0
0.0,0.05,makespan_seconds,minimize,92,13697.849826087038,13698.510130434865,0.6603043478259244,-0.0036416182316819277,0,91,1,0.31731050786291415
0.0,0.1,makespan_seconds,minimize,92,13697.849826087038,13709.359913043561,11.510086956522988,-0.20412923778539363,1,88,3,0.27332167829229814
0.0,0.25,makespan_seconds,minimize,92,13697.849826087038,13712.580981884139,14.73115579710267,-0.3370904156574825,2,84,6,0.09289194088370532
0.0,0.5,makespan_seconds,minimize,92,13697.849826087038,13717.071548913127,19.221722826088673,-0.5525293981311349,3,80,9,0.0280561241492436
0.0,0.75,makespan_seconds,minimize,92,13697.849826087038,13723.37873550733,25.528909420291455,-0.7719877889452151,4,77,11,0.010593539088689496
0.0,1.0,makespan_seconds,minimize,92,13697.849826087038,13726.580965579793,28.731139492755208,-0.9477997066136142,4,75,13,0.00860742903798411
0.0,2.0,makespan_seconds,minimize,92,13697.849826087038,13754.884284420377,57.034458333336445,-2.1082068768677744,7,64,21,0.000269031200173088
0.0,4.0,makespan_seconds,minimize,92,13697.849826087038,13822.783019927623,124.933193840584,-6.408503272220615,7,50,35,4.2427217081215516e-07
0.0,8.0,makespan_seconds,minimize,92,13697.849826087038,13866.981702898647,169.13187681160548,-8.494042336699293,7,42,43,1.4171696914869546e-08
0.0,0.0,congestion_wait_seconds,minimize,92,320.79611956521904,320.79611956521904,0.0,0.0,0,92,0,1.0
0.0,0.05,congestion_wait_seconds,minimize,92,320.79611956521904,320.8687427536258,0.07262318840674994,-0.0944618155419324,0,91,1,0.31731050786291415
0.0,0.1,congestion_wait_seconds,minimize,92,320.79611956521904,322.3871503623221,1.591030797103096,-2.6101346649311425,1,88,3,0.27332167829229814
0.0,0.25,congestion_wait_seconds,minimize,92,320.79611956521904,322.36560144927705,1.5694818840580458,-2.830125568232732,4,82,6,0.3328797545683888
0.0,0.5,congestion_wait_seconds,minimize,92,320.79611956521904,319.84452898550944,-0.9515905797095784,-2.224014374929098,7,78,7,0.8752911852109797
0.0,0.75,congestion_wait_seconds,minimize,92,320.79611956521904,321.3267681159427,0.5306485507236536,-2.2500066695227035,9,75,8,0.9057940914405992
0.0,1.0,congestion_wait_seconds,minimize,92,320.79611956521904,326.7718695652184,5.975749999999439,-3.2202763801396213,9,72,11,0.39053287003351767
0.0,2.0,congestion_wait_seconds,minimize,92,320.79611956521904,326.0344275362283,5.238307971009316,-3.165598946055536,14,61,17,0.6806858204824731
0.0,4.0,congestion_wait_seconds,minimize,92,320.79611956521904,324.3743822463739,3.578262681154938,-2.879825933111484,22,43,27,0.7540225300620748
0.0,8.0,congestion_wait_seconds,minimize,92,320.79611956521904,319.0558079710144,-1.7403115942045961,-1.5908311568566431,31,34,27,0.5030406983913438
0.0,0.0,congestion_conflicts,minimize,92,146.54347826086956,146.54347826086956,0.0,0.0,0,92,0,1.0
0.0,0.05,congestion_conflicts,minimize,92,146.54347826086956,146.56521739130434,0.021739130434782608,-0.040257648953301126,0,91,1,0.31731050786291415
0.0,0.1,congestion_conflicts,minimize,92,146.54347826086956,147.15217391304347,0.6086956521739131,-1.5055586522977829,1,88,3,0.27332167829229814
0.0,0.25,congestion_conflicts,minimize,92,146.54347826086956,147.22826086956522,0.6847826086956522,-2.0475953502168456,3,82,7,0.4145198529802938
0.0,0.5,congestion_conflicts,minimize,92,146.54347826086956,146.25,-0.29347826086956524,-1.7962239150079815,6,78,8,0.7774578498594635
0.0,0.75,congestion_conflicts,minimize,92,146.54347826086956,145.7826086956522,-0.7608695652173914,-1.433285614576002,8,75,9,0.507203699204618
0.0,1.0,congestion_conflicts,minimize,92,146.54347826086956,145.34782608695653,-1.1956521739130435,-1.274415346281918,10,72,10,0.33155435732294114
0.0,2.0,congestion_conflicts,minimize,92,146.54347826086956,144.5108695652174,-2.032608695652174,-1.2627447215069931,18,61,13,0.15809918172200477
0.0,4.0,congestion_conflicts,minimize,92,146.54347826086956,143.17391304347825,-3.369565217391304,-0.1229288756358543,30,43,19,0.06711680055215172
0.0,8.0,congestion_conflicts,minimize,92,146.54347826086956,140.44565217391303,-6.0978260869565215,1.3713550878339975,36,35,21,0.015341460654196422
0.0,0.0,total_distance_m,minimize,92,3885.9211521739085,3885.9211521739085,0.0,0.0,0,92,0,1.0
0.0,0.05,total_distance_m,minimize,92,3885.9211521739085,3885.9211521739085,1.9771623951585396e-14,-6.909376813373862e-16,0,91,1,0.31731050786291415
0.0,0.1,total_distance_m,minimize,92,3885.9211521739085,3885.921152173909,8.748943598576538e-13,-2.111468819307436e-14,0,89,3,0.14412703481601533
0.0,0.25,total_distance_m,minimize,92,3885.9211521739085,3885.9211521739085,4.745189748380495e-13,-1.2493672442639054e-14,4,83,5,0.798731419934417
0.0,0.5,total_distance_m,minimize,92,3885.9211521739085,3885.9211521739085,3.0151726526167727e-13,-9.188809810253161e-15,7,79,6,0.45081255313758695
0.0,0.75,total_distance_m,minimize,92,3885.9211521739085,3885.9211521739085,1.0132957275187515e-13,1.761689539722493e-15,9,76,7,0.2759159544867902
0.0,1.0,total_distance_m,minimize,92,3885.9211521739085,3885.9211521739085,2.743312823282474e-13,1.4327884066010465e-15,11,73,8,0.22484903334379225
0.0,2.0,total_distance_m,minimize,92,3885.9211521739085,3885.921152173911,2.7284841053187847e-12,-3.0449340495758826e-14,16,63,13,0.8369214418440496
0.0,4.0,total_distance_m,minimize,92,3885.9211521739085,3885.9211521739135,5.328452654952264e-12,-7.259670695348643e-14,23,48,21,0.758288758433211
0.0,8.0,total_distance_m,minimize,92,3885.9211521739085,3885.921152173915,6.816267357309066e-12,-7.828593680038065e-14,28,40,24,0.6174816934462329
0.0,0.0,mean_release_delay_seconds,minimize,92,305.92502253628766,305.92502253628766,0.0,0.0,0,92,0,1.0
0.0,0.05,mean_release_delay_seconds,minimize,92,305.92502253628766,305.9876121278555,0.06258959156785075,-0.11874802973998695,0,91,1,0.31731050786291415
0.0,0.1,mean_release_delay_seconds,minimize,92,305.92502253628766,305.6028401827008,-0.3221823535868731,-0.04449839065613981,2,88,2,0.4652088184521418
0.0,0.25,mean_release_delay_seconds,minimize,92,305.92502253628766,306.14610654255057,0.2210840062628682,-0.22593921003209988,4,82,6,0.5076243443095237
0.0,0.5,mean_release_delay_seconds,minimize,92,305.92502253628766,306.46008740924856,0.5350648729608632,-0.9109719924466314,6,78,8,0.30028987962532416
0.0,0.75,mean_release_delay_seconds,minimize,92,305.92502253628766,307.3486101674006,1.4235876311128934,-1.391176348074404,6,75,11,0.08401675251172278
0.0,1.0,mean_release_delay_seconds,minimize,92,305.92502253628766,308.36308148678074,2.438058950493062,-1.8365916572737013,6,72,14,0.018674874007415902
0.0,2.0,mean_release_delay_seconds,minimize,92,305.92502253628766,311.3599371128106,5.434914576522937,-2.9371235084987464,8,61,23,0.001065544905170351
0.0,4.0,mean_release_delay_seconds,minimize,92,305.92502253628766,321.842367674268,15.91734513798033,-7.500144557146452,7,43,42,5.210085375739284e-07
0.0,8.0,mean_release_delay_seconds,minimize,92,305.92502253628766,329.65675933089204,23.731736794604355,-11.926737955556062,6,34,52,6.223737527780714e-09
0.0,0.0,mean_spatial_entropy_normalized,maximize,92,0.82031836598829,0.82031836598829,0.0,0.0,0,92,0,1.0
0.0,0.05,mean_spatial_entropy_normalized,maximize,92,0.82031836598829,0.8201269634711759,-0.00019140251711413165,-0.021333379290957178,0,91,1,0.31731050786291415
0.0,0.1,mean_spatial_entropy_normalized,maximize,92,0.82031836598829,0.8193223383586722,-0.0009960276296177928,-0.15287340495988608,1,88,3,0.4652088184521418
0.0,0.25,mean_spatial_entropy_normalized,maximize,92,0.82031836598829,0.8213720454898129,0.001053679501522851,0.12843295486827042,5,82,5,0.7988593499960496
0.0,0.5,mean_spatial_entropy_normalized,maximize,92,0.82031836598829,0.8173936582205021,-0.002924707767787885,-0.24135471742430784,7,78,7,0.550923682773407
0.0,0.75,mean_spatial_entropy_normalized,maximize,92,0.82031836598829,0.8130467380967648,-0.007271627891525274,-0.8537034951000555,7,75,10,0.20967491728457333
0.0,1.0,mean_spatial_entropy_normalized,maximize,92,0.82031836598829,0.8105971135295349,-0.00972125245875501,-1.1812315242661275,8,72,12,0.12585852473931722
0.0,2.0,mean_spatial_entropy_normalized,maximize,92,0.82031836598829,0.7985082687862809,-0.021810097202009084,-2.551151595837271,12,61,19,0.03962497007380688
0.0,4.0,mean_spatial_entropy_normalized,maximize,92,0.82031836598829,0.7937531668662684,-0.026565199122021658,-3.040036166297635,18,43,31,0.025537891202960256
0.0,8.0,mean_spatial_entropy_normalized,maximize,92,0.82031836598829,0.78102375219695,-0.039294613791339965,-4.585991528611054,21,34,37,0.005777534786398856
