cell_id,cell_type,interval_count,unique_workers,worker_seconds,move_worker_seconds,pick_worker_seconds,wait_worker_seconds,occupied_seconds,congested_seconds,max_concurrent_workers
EDGE:AISLE:x=0.860000:y=10.210000<->AISLE:x=1.020000:y=10.210000,edge,22,6,2.9333333333321434,2.9333333333321434,0.0,0.0,2.9333333333321434,0.0,1
EDGE:AISLE:x=0.860000:y=10.210000<->SUP:LC-12,edge,22,6,3.666666666660916,3.666666666660916,0.0,0.0,3.666666666660916,0.0,1
EDGE:AISLE:x=0.860000:y=11.110000<->AISLE:x=1.020000:y=11.110000,edge,23,7,3.0666666666656255,3.0666666666656255,0.0,0.0,3.0666666666656255,0.0,1
EDGE:AISLE:x=0.860000:y=11.110000<->SUP:LC-13,edge,25,7,4.166666666660447,4.166666666660447,0.0,0.0,4.166666666660447,0.0,1
EDGE:AISLE:x=0.860000:y=12.010000<->AISLE:x=1.020000:y=12.010000,edge,24,8,3.1999999999990365,3.1999999999990365,0.0,0.0,3.1999999999990365,0.0,1
EDGE:AISLE:x=0.860000:y=12.010000<->SUP:LC-14,edge,20,8,3.3333333333300317,3.3333333333300317,0.0,0.0,3.3333333333300317,0.0,1
EDGE:AISLE:x=0.860000:y=12.910000<->AISLE:x=1.020000:y=12.910000,edge,21,7,2.799999999999187,2.799999999999187,0.0,0.0,2.799999999999187,0.0,1
EDGE:AISLE:x=0.860000:y=12.910000<->SUP:LC-15,edge,21,7,3.4999999999961915,3.4999999999961915,0.0,0.0,3.4999999999961915,0.0,1
EDGE:AISLE:x=0.860000:y=13.810000<->AISLE:x=1.020000:y=13.810000,edge,11,5,1.4666666666662564,1.4666666666662564,0.0,0.0,1.4666666666662564,0.0,1
EDGE:AISLE:x=0.860000:y=13.810000<->SUP:LC-16,edge,11,5,1.833333333331396,1.833333333331396,0.0,0.0,1.833333333331396,0.0,1
EDGE:AISLE:x=0.860000:y=6.310000<->AISLE:x=1.020000:y=6.310000,edge,8,4,1.0666666666663929,1.0666666666663929,0.0,0.0,1.0666666666663929,0.0,1
EDGE:AISLE:x=0.860000:y=6.310000<->SUP:LC-08,edge,6,4,0.9999999999987352,0.9999999999987352,0.0,0.0,0.9999999999987352,0.0,1
EDGE:AISLE:x=0.860000:y=7.510000<->AISLE:x=1.020000:y=7.510000,edge,12,4,1.5999999999986585,1.5999999999986585,0.0,0.0,1.5999999999986585,0.0,1
EDGE:AISLE:x=0.860000:y=7.510000<->SUP:LC-09,edge,14,5,2.3333333333266353,2.3333333333266353,0.0,0.0,2.3333333333266353,0.0,1
EDGE:AISLE:x=0.860000:y=8.410000<->AISLE:x=1.020000:y=8.410000,edge,19,8,2.5333333333324077,2.5333333333324077,0.0,0.0,2.5333333333324077,0.0,1
EDGE:AISLE:x=0.860000:y=8.410000<->SUP:LC-10,edge,21,8,3.499999999995495,3.499999999995495,0.0,0.0,3.499999999995495,0.0,1
EDGE:AISLE:x=0.860000:y=9.310000<->AISLE:x=1.020000:y=9.310000,edge,36,8,4.799999999997638,4.799999999997638,0.0,0.0,4.799999999997638,0.0,1
EDGE:AISLE:x=0.860000:y=9.310000<->SUP:LC-11,edge,38,8,6.333333333320482,6.333333333320482,0.0,0.0,6.333333333320482,0.0,1
EDGE:AISLE:x=1.020000:y=10.210000<->AISLE:x=1.180000:y=10.210000,edge,22,6,2.9333333333321434,2.9333333333321434,0.0,0.0,2.9333333333321434,0.0,1
EDGE:AISLE:x=1.020000:y=11.110000<->AISLE:x=1.180000:y=11.110000,edge,23,7,3.0666666666656255,3.0666666666656255,0.0,0.0,3.0666666666656255,0.0,1
EDGE:AISLE:x=1.020000:y=12.010000<->AISLE:x=1.180000:y=12.010000,edge,20,8,2.666666666665961,2.666666666665961,0.0,0.0,2.666666666665961,0.0,1
EDGE:AISLE:x=1.020000:y=12.910000<->AISLE:x=1.180000:y=12.910000,edge,19,6,2.5333333333325356,2.5333333333325356,0.0,0.0,2.5333333333325356,0.0,1
EDGE:AISLE:x=1.020000:y=13.810000<->AISLE:x=1.180000:y=13.810000,edge,11,5,1.4666666666662564,1.4666666666662564,0.0,0.0,1.4666666666662564,0.0,1
EDGE:AISLE:x=1.020000:y=6.310000<->AISLE:x=1.180000:y=6.310000,edge,8,4,1.0666666666663929,1.0666666666663929,0.0,0.0,1.0666666666663929,0.0,1
EDGE:AISLE:x=1.020000:y=7.510000<->AISLE:x=1.180000:y=7.510000,edge,12,4,1.5999999999986585,1.5999999999986585,0.0,0.0,1.5999999999986585,0.0,1
EDGE:AISLE:x=1.020000:y=8.410000<->AISLE:x=1.180000:y=8.410000,edge,19,8,2.5333333333324077,2.5333333333324077,0.0,0.0,2.5333333333324077,0.0,1
EDGE:AISLE:x=1.020000:y=9.310000<->AISLE:x=1.180000:y=9.310000,edge,36,8,4.799999999997638,4.799999999997638,0.0,0.0,4.799999999997638,0.0,1
EDGE:AISLE:x=1.180000:y=10.210000<->AISLE:x=1.360000:y=10.210000,edge,22,6,3.2999999999965155,3.2999999999965155,0.0,0.0,3.2999999999965155,0.0,1
EDGE:AISLE:x=1.180000:y=11.110000<->AISLE:x=1.360000:y=11.110000,edge,23,7,3.4499999999969475,3.4499999999969475,0.0,0.0,3.4499999999969475,0.0,1
EDGE:AISLE:x=1.180000:y=12.010000<->AISLE:x=1.360000:y=12.010000,edge,20,8,2.9999999999980105,2.9999999999980105,0.0,0.0,2.9999999999980105,0.0,1
EDGE:AISLE:x=1.180000:y=12.910000<->AISLE:x=1.360000:y=12.910000,edge,21,6,3.149999999997675,3.149999999997675,0.0,0.0,3.149999999997675,0.0,1
EDGE:AISLE:x=1.180000:y=13.810000<->AISLE:x=1.360000:y=13.810000,edge,11,5,1.6499999999988404,1.6499999999988404,0.0,0.0,1.6499999999988404,0.0,1
EDGE:AISLE:x=1.180000:y=6.310000<->AISLE:x=1.360000:y=6.310000,edge,8,4,1.1999999999992212,1.1999999999992212,0.0,0.0,1.1999999999992212,0.0,1
EDGE:AISLE:x=1.180000:y=7.510000<->AISLE:x=1.360000:y=7.510000,edge,12,4,1.799999999996004,1.799999999996004,0.0,0.0,1.799999999996004,0.0,1
EDGE:AISLE:x=1.180000:y=8.410000<->AISLE:x=1.360000:y=8.410000,edge,21,8,3.149999999996652,3.149999999996652,0.0,0.0,3.149999999996652,0.0,1
EDGE:AISLE:x=1.180000:y=9.310000<->AISLE:x=1.360000:y=9.310000,edge,32,8,4.799999999994441,4.799999999994441,0.0,0.0,4.799999999994441,0.0,1
EDGE:AISLE:x=1.360000:y=10.210000<->AISLE:x=1.520000:y=10.210000,edge,20,6,2.666666666665492,2.666666666665492,0.0,0.0,2.666666666665492,0.0,1
EDGE:AISLE:x=1.360000:y=11.110000<->AISLE:x=1.520000:y=11.110000,edge,23,7,3.0666666666656255,3.0666666666656255,0.0,0.0,3.0666666666656255,0.0,1
EDGE:AISLE:x=1.360000:y=12.010000<->AISLE:x=1.520000:y=12.010000,edge,20,8,2.666666666665961,2.666666666665961,0.0,0.0,2.666666666665961,0.0,1
EDGE:AISLE:x=1.360000:y=12.910000<->AISLE:x=1.520000:y=12.910000,edge,23,6,3.066666666665867,3.066666666665867,0.0,0.0,3.066666666665867,0.0,1
EDGE:AISLE:x=1.360000:y=13.810000<->AISLE:x=1.520000:y=13.810000,edge,11,5,1.4666666666662564,1.4666666666662564,0.0,0.0,1.4666666666662564,0.0,1
EDGE:AISLE:x=1.360000:y=6.310000<->AISLE:x=1.520000:y=6.310000,edge,6,3,0.7999999999997414,0.7999999999997414,0.0,0.0,0.7999999999997414,0.0,1
EDGE:AISLE:x=1.360000:y=7.510000<->AISLE:x=1.520000:y=7.510000,edge,12,4,1.5999999999986585,1.5999999999986585,0.0,0.0,1.5999999999986585,0.0,1
EDGE:AISLE:x=1.360000:y=8.410000<->AISLE:x=1.520000:y=8.410000,edge,23,8,3.0666666666654834,3.0666666666654834,0.0,0.0,3.0666666666654834,0.0,1
EDGE:AISLE:x=1.360000:y=9.310000<->AISLE:x=1.520000:y=9.310000,edge,28,8,3.733333333331487,3.733333333331487,0.0,0.0,3.733333333331487,0.0,1
EDGE:AISLE:x=1.520000:y=10.210000<->AISLE:x=1.680000:y=10.210000,edge,24,6,3.199999999998795,3.199999999998795,0.0,0.0,3.199999999998795,0.0,1
EDGE:AISLE:x=1.520000:y=11.110000<->AISLE:x=1.680000:y=11.110000,edge,21,7,2.799999999998967,2.799999999998967,0.0,0.0,2.799999999998967,0.0,1
EDGE:AISLE:x=1.520000:y=12.010000<->AISLE:x=1.680000:y=12.010000,edge,22,8,2.9333333333326124,2.9333333333326124,0.0,0.0,2.9333333333326124,0.0,1
EDGE:AISLE:x=1.520000:y=12.910000<->AISLE:x=1.680000:y=12.910000,edge,25,6,3.333333333332533,3.333333333332533,0.0,0.0,3.333333333332533,0.0,1
EDGE:AISLE:x=1.520000:y=13.810000<->AISLE:x=1.680000:y=13.810000,edge,13,5,1.7333333333326806,1.7333333333326806,0.0,0.0,1.7333333333326806,0.0,1
EDGE:AISLE:x=1.520000:y=6.310000<->AISLE:x=1.680000:y=6.310000,edge,14,4,1.86666666666612,1.86666666666612,0.0,0.0,1.86666666666612,0.0,1
EDGE:AISLE:x=1.520000:y=7.510000<->AISLE:x=1.680000:y=7.510000,edge,12,4,1.5999999999986585,1.5999999999986585,0.0,0.0,1.5999999999986585,0.0,1
EDGE:AISLE:x=1.520000:y=8.410000<->AISLE:x=1.680000:y=8.410000,edge,21,7,2.799999999998832,2.799999999998832,0.0,0.0,2.799999999998832,0.0,1
EDGE:AISLE:x=1.520000:y=9.310000<->AISLE:x=1.680000:y=9.310000,edge,24,8,3.1999999999986386,3.1999999999986386,0.0,0.0,3.1999999999986386,0.0,1
EDGE:AISLE:x=1.680000:y=10.210000<->AISLE:x=1.860000:y=10.210000,edge,26,6,3.8999999999957424,3.8999999999957424,0.0,0.0,3.8999999999957424,0.0,1
EDGE:AISLE:x=1.680000:y=11.110000<->AISLE:x=1.860000:y=11.110000,edge,23,7,3.4499999999962583,3.4499999999962583,0.0,0.0,3.4499999999962583,0.0,1
EDGE:AISLE:x=1.680000:y=12.010000<->AISLE:x=1.860000:y=12.010000,edge,24,8,3.5999999999979764,3.5999999999979764,0.0,0.0,3.5999999999979764,0.0,1
EDGE:AISLE:x=1.680000:y=12.910000<->AISLE:x=1.860000:y=12.910000,edge,25,6,3.749999999997627,3.749999999997627,0.0,0.0,3.749999999997627,0.0,1
EDGE:AISLE:x=1.680000:y=13.810000<->AISLE:x=1.860000:y=13.810000,edge,15,6,2.249999999997385,2.249999999997385,0.0,0.0,2.249999999997385,0.0,1
EDGE:AISLE:x=1.680000:y=6.310000<->AISLE:x=1.860000:y=6.310000,edge,16,4,2.3999999999983572,2.3999999999983572,0.0,0.0,2.3999999999983572,0.0,1
EDGE:AISLE:x=1.680000:y=7.510000<->AISLE:x=1.860000:y=7.510000,edge,12,4,1.799999999996004,1.799999999996004,0.0,0.0,1.799999999996004,0.0,1
EDGE:AISLE:x=1.680000:y=8.410000<->AISLE:x=1.860000:y=8.410000,edge,25,7,3.7499999999966036,3.7499999999966036,0.0,0.0,3.7499999999966036,0.0,1
EDGE:AISLE:x=1.680000:y=9.310000<->AISLE:x=1.860000:y=9.310000,edge,24,8,3.599999999995873,3.599999999995873,0.0,0.0,3.599999999995873,0.0,1
EDGE:AISLE:x=1.860000:y=10.210000<->AISLE:x=2.020000:y=10.210000,edge,24,6,3.1999999999985675,3.1999999999985675,0.0,0.0,3.1999999999985675,0.0,1
EDGE:AISLE:x=1.860000:y=11.110000<->AISLE:x=2.020000:y=11.110000,edge,27,7,3.599999999998495,3.599999999998495,0.0,0.0,3.599999999998495,0.0,1
EDGE:AISLE:x=1.860000:y=12.010000<->AISLE:x=2.020000:y=12.010000,edge,20,8,2.6666666666659893,2.6666666666659893,0.0,0.0,2.6666666666659893,0.0,1
EDGE:AISLE:x=1.860000:y=12.910000<->AISLE:x=2.020000:y=12.910000,edge,23,6,3.0666666666658813,3.0666666666658813,0.0,0.0,3.0666666666658813,0.0,1
EDGE:AISLE:x=1.860000:y=13.810000<->AISLE:x=2.020000:y=13.810000,edge,17,6,2.266666666665529,2.266666666665529,0.0,0.0,2.266666666665529,0.0,1
EDGE:AISLE:x=1.860000:y=6.310000<->AISLE:x=2.020000:y=6.310000,edge,20,4,2.666666666666103,2.666666666666103,0.0,0.0,2.666666666666103,0.0,1
EDGE:AISLE:x=1.860000:y=7.510000<->AISLE:x=2.020000:y=7.510000,edge,14,5,1.8666666666650826,1.8666666666650826,0.0,0.0,1.8666666666650826,0.0,1
EDGE:AISLE:x=1.860000:y=8.410000<->AISLE:x=2.020000:y=8.410000,edge,27,7,3.599999999999028,3.599999999999028,0.0,0.0,3.599999999999028,0.0,1
EDGE:AISLE:x=1.860000:y=9.310000<->AISLE:x=2.020000:y=9.310000,edge,28,7,3.7333333333317142,3.7333333333317142,0.0,0.0,3.7333333333317142,0.0,1
EDGE:AISLE:x=2.020000:y=10.210000<->AISLE:x=2.180000:y=10.210000,edge,24,6,3.1999999999985675,3.1999999999985675,0.0,0.0,3.1999999999985675,0.0,1
EDGE:AISLE:x=2.020000:y=11.110000<->AISLE:x=2.180000:y=11.110000,edge,31,7,4.133333333331343,4.133333333331343,0.0,0.0,4.133333333331343,0.0,1
EDGE:AISLE:x=2.020000:y=12.010000<->AISLE:x=2.180000:y=12.010000,edge,20,8,2.6666666666659893,2.6666666666659893,0.0,0.0,2.6666666666659893,0.0,1
EDGE:AISLE:x=2.020000:y=12.910000<->AISLE:x=2.180000:y=12.910000,edge,25,6,3.333333333332533,3.333333333332533,0.0,0.0,3.333333333332533,0.0,1
EDGE:AISLE:x=2.020000:y=13.810000<->AISLE:x=2.180000:y=13.810000,edge,17,5,2.266666666665529,2.266666666665529,0.0,0.0,2.266666666665529,0.0,1
EDGE:AISLE:x=2.020000:y=6.310000<->AISLE:x=2.180000:y=6.310000,edge,20,4,2.666666666666096,2.666666666666096,0.0,0.0,2.666666666666096,0.0,1
EDGE:AISLE:x=2.020000:y=7.510000<->AISLE:x=2.180000:y=7.510000,edge,14,5,1.86666666666531,1.86666666666531,0.0,0.0,1.86666666666531,0.0,1
EDGE:AISLE:x=2.020000:y=8.410000<->AISLE:x=2.180000:y=8.410000,edge,29,7,3.8666666666656795,3.8666666666656795,0.0,0.0,3.8666666666656795,0.0,1
EDGE:AISLE:x=2.020000:y=9.310000<->AISLE:x=2.180000:y=9.310000,edge,34,7,4.533333333330987,4.533333333330987,0.0,0.0,4.533333333330987,0.0,1
EDGE:AISLE:x=2.180000:y=10.210000<->AISLE:x=2.360000:y=10.210000,edge,32,6,4.799999999994242,4.799999999994242,0.0,0.0,4.799999999994242,0.0,1
EDGE:AISLE:x=2.180000:y=11.110000<->AISLE:x=2.360000:y=11.110000,edge,29,7,4.3499999999940755,4.3499999999940755,0.0,0.0,4.3499999999940755,0.0,1
EDGE:AISLE:x=2.180000:y=12.010000<->AISLE:x=2.360000:y=12.010000,edge,18,8,2.699999999998738,2.699999999998738,0.0,0.0,2.699999999998738,0.0,1
EDGE:AISLE:x=2.180000:y=12.910000<->AISLE:x=2.360000:y=12.910000,edge,25,6,3.749999999997627,3.749999999997627,0.0,0.0,3.749999999997627,0.0,1
EDGE:AISLE:x=2.180000:y=13.810000<->AISLE:x=2.360000:y=13.810000,edge,17,5,2.5499999999966008,2.5499999999966008,0.0,0.0,2.5499999999966008,0.0,1
EDGE:AISLE:x=2.180000:y=6.310000<->AISLE:x=2.360000:y=6.310000,edge,20,4,2.999999999998316,2.999999999998316,0.0,0.0,2.999999999998316,0.0,1
EDGE:AISLE:x=2.180000:y=7.510000<->AISLE:x=2.360000:y=7.510000,edge,18,5,2.699999999995242,2.699999999995242,0.0,0.0,2.699999999995242,0.0,1
EDGE:AISLE:x=2.180000:y=8.410000<->AISLE:x=2.360000:y=8.410000,edge,29,6,4.349999999997252,4.349999999997252,0.0,0.0,4.349999999997252,0.0,1
EDGE:AISLE:x=2.180000:y=9.310000<->AISLE:x=2.360000:y=9.310000,edge,38,7,5.699999999990723,5.699999999990723,0.0,0.0,5.699999999990723,0.0,1
EDGE:AISLE:x=2.360000:y=10.210000<->AISLE:x=2.520000:y=10.210000,edge,34,6,4.533333333331143,4.533333333331143,0.0,0.0,4.533333333331143,0.0,1
EDGE:AISLE:x=2.360000:y=11.110000<->AISLE:x=2.520000:y=11.110000,edge,31,7,4.133333333330867,4.133333333330867,0.0,0.0,4.133333333330867,0.0,1
EDGE:AISLE:x=2.360000:y=12.010000<->AISLE:x=2.520000:y=12.010000,edge,18,8,2.399999999999565,2.399999999999565,0.0,0.0,2.399999999999565,0.0,1
EDGE:AISLE:x=2.360000:y=12.910000<->AISLE:x=2.520000:y=12.910000,edge,27,6,3.5999999999991843,3.5999999999991843,0.0,0.0,3.5999999999991843,0.0,1
EDGE:AISLE:x=2.360000:y=13.810000<->AISLE:x=2.520000:y=13.810000,edge,21,5,2.7999999999986045,2.7999999999986045,0.0,0.0,2.7999999999986045,0.0,1
EDGE:AISLE:x=2.360000:y=6.310000<->AISLE:x=2.520000:y=6.310000,edge,20,4,2.666666666666096,2.666666666666096,0.0,0.0,2.666666666666096,0.0,1
EDGE:AISLE:x=2.360000:y=7.510000<->AISLE:x=2.520000:y=7.510000,edge,18,5,2.399999999998414,2.399999999998414,0.0,0.0,2.399999999998414,0.0,1
EDGE:AISLE:x=2.360000:y=8.410000<->AISLE:x=2.520000:y=8.410000,edge,31,6,4.133333333332331,4.133333333332331,0.0,0.0,4.133333333332331,0.0,1
EDGE:AISLE:x=2.360000:y=9.310000<->AISLE:x=2.520000:y=9.310000,edge,48,7,6.399999999996183,6.399999999996183,0.0,0.0,6.399999999996183,0.0,1
EDGE:AISLE:x=2.520000:y=10.210000<->AISLE:x=2.680000:y=10.210000,edge,44,6,5.866666666663491,5.866666666663491,0.0,0.0,5.866666666663491,0.0,1
EDGE:AISLE:x=2.520000:y=11.110000<->AISLE:x=2.680000:y=11.110000,edge,29,7,3.866666666664443,3.866666666664443,0.0,0.0,3.866666666664443,0.0,1
EDGE:AISLE:x=2.520000:y=12.010000<->AISLE:x=2.680000:y=12.010000,edge,22,8,2.933333333332641,2.933333333332641,0.0,0.0,2.933333333332641,0.0,1
EDGE:AISLE:x=2.520000:y=12.910000<->AISLE:x=2.680000:y=12.910000,edge,29,6,3.866666666665836,3.866666666665836,0.0,0.0,3.866666666665836,0.0,1
EDGE:AISLE:x=2.520000:y=13.810000<->AISLE:x=2.680000:y=13.810000,edge,21,5,2.7999999999986045,2.7999999999986045,0.0,0.0,2.7999999999986045,0.0,1
EDGE:AISLE:x=2.520000:y=6.310000<->AISLE:x=2.680000:y=6.310000,edge,22,5,2.9333333333327616,2.9333333333327616,0.0,0.0,2.9333333333327616,0.0,1
EDGE:AISLE:x=2.520000:y=7.510000<->AISLE:x=2.680000:y=7.510000,edge,18,5,2.399999999998414,2.399999999998414,0.0,0.0,2.399999999998414,0.0,1
EDGE:AISLE:x=2.520000:y=8.410000<->AISLE:x=2.680000:y=8.410000,edge,31,6,4.133333333332331,4.133333333332331,0.0,0.0,4.133333333332331,0.0,1
EDGE:AISLE:x=2.520000:y=9.310000<->AISLE:x=2.680000:y=9.310000,edge,52,7,6.933333333329486,6.933333333329486,0.0,0.0,6.933333333329486,0.0,1
EDGE:AISLE:x=2.680000:y=10.210000<->AISLE:x=2.860000:y=10.210000,edge,48,6,7.199999999989785,7.199999999989785,0.0,0.0,7.199999999989785,0.0,1
EDGE:AISLE:x=2.680000:y=11.110000<->AISLE:x=2.860000:y=11.110000,edge,35,7,5.2499999999925535,5.2499999999925535,0.0,0.0,5.2499999999925535,0.0,1
EDGE:AISLE:x=2.680000:y=12.010000<->AISLE:x=2.860000:y=12.010000,edge,24,8,3.599999999997962,3.599999999997962,0.0,0.0,3.599999999997962,0.0,1
EDGE:AISLE:x=2.680000:y=12.910000<->AISLE:x=2.860000:y=12.910000,edge,29,6,4.349999999997536,4.349999999997536,0.0,0.0,4.349999999997536,0.0,1
EDGE:AISLE:x=2.680000:y=13.810000<->AISLE:x=2.860000:y=13.810000,edge,21,5,3.1499999999958277,3.1499999999958277,0.0,0.0,3.1499999999958277,0.0,1
EDGE:AISLE:x=2.680000:y=6.310000<->AISLE:x=2.860000:y=6.310000,edge,22,5,3.299999999998313,3.299999999998313,0.0,0.0,3.299999999998313,0.0,1
EDGE:AISLE:x=2.680000:y=7.510000<->AISLE:x=2.860000:y=7.510000,edge,22,5,3.299999999993787,3.299999999993787,0.0,0.0,3.299999999993787,0.0,1
EDGE:AISLE:x=2.680000:y=8.410000<->AISLE:x=2.860000:y=8.410000,edge,37,7,5.549999999994995,5.549999999994995,0.0,0.0,5.549999999994995,0.0,1
EDGE:AISLE:x=2.680000:y=9.310000<->AISLE:x=2.860000:y=9.310000,edge,50,7,7.499999999988461,7.499999999988461,0.0,0.0,7.499999999988461,0.0,1
EDGE:AISLE:x=2.860000:y=10.210000<->AISLE:x=3.020000:y=10.210000,edge,58,7,7.733333333328915,7.733333333328915,0.0,0.0,7.733333333328915,0.0,1
EDGE:AISLE:x=2.860000:y=11.110000<->AISLE:x=3.020000:y=11.110000,edge,37,7,4.933333333330836,4.933333333330836,0.0,0.0,4.933333333330836,0.0,1
EDGE:AISLE:x=2.860000:y=12.010000<->AISLE:x=3.020000:y=12.010000,edge,30,8,3.9999999999988063,3.9999999999988063,0.0,0.0,3.9999999999988063,0.0,1
EDGE:AISLE:x=2.860000:y=12.910000<->AISLE:x=3.020000:y=12.910000,edge,39,6,5.199999999998184,5.199999999998184,0.0,0.0,5.199999999998184,0.0,1
EDGE:AISLE:x=2.860000:y=13.810000<->AISLE:x=3.020000:y=13.810000,edge,25,5,3.3333333333319075,3.3333333333319075,0.0,0.0,3.3333333333319075,0.0,1
EDGE:AISLE:x=2.860000:y=6.310000<->AISLE:x=3.020000:y=6.310000,edge,26,5,3.4666666666660646,3.4666666666660646,0.0,0.0,3.4666666666660646,0.0,1
EDGE:AISLE:x=2.860000:y=7.510000<->AISLE:x=3.020000:y=7.510000,edge,20,5,2.666666666664838,2.666666666664838,0.0,0.0,2.666666666664838,0.0,1
EDGE:AISLE:x=2.860000:y=8.410000<->AISLE:x=3.020000:y=8.410000,edge,39,8,5.199999999998035,5.199999999998035,0.0,0.0,5.199999999998035,0.0,1
EDGE:AISLE:x=2.860000:y=9.310000<->AISLE:x=3.020000:y=9.310000,edge,50,7,6.6666666666628345,6.6666666666628345,0.0,0.0,6.6666666666628345,0.0,1
EDGE:AISLE:x=3.020000:y=10.210000<->AISLE:x=3.180000:y=10.210000,edge,66,7,8.799999999994384,8.799999999994384,0.0,0.0,8.799999999994384,0.0,1
EDGE:AISLE:x=3.020000:y=11.110000<->AISLE:x=3.180000:y=11.110000,edge,39,7,5.19999999999726,5.19999999999726,0.0,0.0,5.19999999999726,0.0,1
EDGE:AISLE:x=3.020000:y=12.010000<->AISLE:x=3.180000:y=12.010000,edge,36,8,4.799999999998533,4.799999999998533,0.0,0.0,4.799999999998533,0.0,1
EDGE:AISLE:x=3.020000:y=12.910000<->AISLE:x=3.180000:y=12.910000,edge,45,6,5.999999999997456,5.999999999997456,0.0,0.0,5.999999999997456,0.0,1
EDGE:AISLE:x=3.020000:y=13.810000<->AISLE:x=3.180000:y=13.810000,edge,33,5,4.399999999998286,4.399999999998286,0.0,0.0,4.399999999998286,0.0,1
EDGE:AISLE:x=3.020000:y=6.310000<->AISLE:x=3.180000:y=6.310000,edge,26,5,3.4666666666660646,3.4666666666660646,0.0,0.0,3.4666666666660646,0.0,1
EDGE:AISLE:x=3.020000:y=7.510000<->AISLE:x=3.180000:y=7.510000,edge,20,5,2.666666666664838,2.666666666664838,0.0,0.0,2.666666666664838,0.0,1
EDGE:AISLE:x=3.020000:y=8.410000<->AISLE:x=3.180000:y=8.410000,edge,57,8,7.5999999999977135,7.5999999999977135,0.0,0.0,7.5999999999977135,0.0,1
EDGE:AISLE:x=3.020000:y=9.310000<->AISLE:x=3.180000:y=9.310000,edge,58,7,7.733333333329213,7.733333333329213,0.0,0.0,7.733333333329213,0.0,1
EDGE:AISLE:x=3.180000:y=10.210000<->AISLE:x=3.360000:y=10.210000,edge,68,7,10.19999999998251,10.19999999998251,0.0,0.0,10.19999999998251,0.0,1
EDGE:AISLE:x=3.180000:y=11.110000<->AISLE:x=3.360000:y=11.110000,edge,39,7,5.84999999999178,5.84999999999178,0.0,0.0,5.84999999999178,0.0,1
EDGE:AISLE:x=3.180000:y=12.010000<->AISLE:x=3.360000:y=12.010000,edge,42,8,6.299999999995592,6.299999999995592,0.0,0.0,6.299999999995592,0.0,1
EDGE:AISLE:x=3.180000:y=12.910000<->AISLE:x=3.360000:y=12.910000,edge,47,6,7.04999999999167,7.04999999999167,0.0,0.0,7.04999999999167,0.0,1
EDGE:AISLE:x=3.180000:y=13.810000<->AISLE:x=3.360000:y=13.810000,edge,33,5,4.949999999994873,4.949999999994873,0.0,0.0,4.949999999994873,0.0,1
EDGE:AISLE:x=3.180000:y=14.710000<->AISLE:x=3.360000:y=14.710000,edge,2,1,0.2999999999999545,0.2999999999999545,0.0,0.0,0.2999999999999545,0.0,1
EDGE:AISLE:x=3.180000:y=6.310000<->AISLE:x=3.360000:y=6.310000,edge,26,5,3.8999999999983075,3.8999999999983075,0.0,0.0,3.8999999999983075,0.0,1
EDGE:AISLE:x=3.180000:y=7.510000<->AISLE:x=3.360000:y=7.510000,edge,22,5,3.299999999993787,3.299999999993787,0.0,0.0,3.299999999993787,0.0,1
EDGE:AISLE:x=3.180000:y=8.410000<->AISLE:x=3.360000:y=8.410000,edge,65,8,9.74999999999185,9.74999999999185,0.0,0.0,9.74999999999185,0.0,1
EDGE:AISLE:x=3.180000:y=9.310000<->AISLE:x=3.360000:y=9.310000,edge,64,7,9.599999999986096,9.599999999986096,0.0,0.0,9.599999999986096,0.0,1
EDGE:AISLE:x=3.360000:y=10.210000<->AISLE:x=3.520000:y=10.210000,edge,74,7,9.866666666660535,9.866666666660535,0.0,0.0,9.866666666660535,0.0,1
EDGE:AISLE:x=3.360000:y=11.110000<->AISLE:x=3.520000:y=11.110000,edge,43,7,5.733333333330563,5.733333333330563,0.0,0.0,5.733333333330563,0.0,1
EDGE:AISLE:x=3.360000:y=12.010000<->AISLE:x=3.520000:y=12.010000,edge,50,8,6.666666666664639,6.666666666664639,0.0,0.0,6.666666666664639,0.0,1
EDGE:AISLE:x=3.360000:y=12.910000<->AISLE:x=3.520000:y=12.910000,edge,51,7,6.799999999997198,6.799999999997198,0.0,0.0,6.799999999997198,0.0,1
EDGE:AISLE:x=3.360000:y=13.810000<->AISLE:x=3.520000:y=13.810000,edge,35,5,4.666666666664938,4.666666666664938,0.0,0.0,4.666666666664938,0.0,1
EDGE:AISLE:x=3.360000:y=14.710000<->AISLE:x=3.520000:y=14.710000,edge,2,1,0.2666666666666515,0.2666666666666515,0.0,0.0,0.2666666666666515,0.0,1
EDGE:AISLE:x=3.360000:y=6.310000<->AISLE:x=3.520000:y=6.310000,edge,26,5,3.4666666666660646,3.4666666666660646,0.0,0.0,3.4666666666660646,0.0,1
EDGE:AISLE:x=3.360000:y=7.510000<->AISLE:x=3.520000:y=7.510000,edge,26,5,3.4666666666641106,3.4666666666641106,0.0,0.0,3.4666666666641106,0.0,1
EDGE:AISLE:x=3.360000:y=8.410000<->AISLE:x=3.520000:y=8.410000,edge,69,8,9.199999999997196,9.199999999997196,0.0,0.0,9.199999999997196,0.0,1
EDGE:AISLE:x=3.360000:y=9.310000<->AISLE:x=3.520000:y=9.310000,edge,64,7,8.533333333328713,8.533333333328713,0.0,0.0,8.533333333328713,0.0,1
EDGE:AISLE:x=3.520000:y=10.210000<->AISLE:x=3.680000:y=10.210000,edge,74,7,9.866666666660763,9.866666666660763,0.0,0.0,9.866666666660763,0.0,1
EDGE:AISLE:x=3.520000:y=11.110000<->AISLE:x=3.680000:y=11.110000,edge,49,7,6.533333333330063,6.533333333330063,0.0,0.0,6.533333333330063,0.0,1
EDGE:AISLE:x=3.520000:y=12.010000<->AISLE:x=3.680000:y=12.010000,edge,62,8,8.266666666664094,8.266666666664094,0.0,0.0,8.266666666664094,0.0,1
EDGE:AISLE:x=3.520000:y=12.910000<->AISLE:x=3.680000:y=12.910000,edge,55,8,7.333333333330501,7.333333333330501,0.0,0.0,7.333333333330501,0.0,1
EDGE:AISLE:x=3.520000:y=13.810000<->AISLE:x=3.680000:y=13.810000,edge,47,6,6.266666666664648,6.266666666664648,0.0,0.0,6.266666666664648,0.0,1
EDGE:AISLE:x=3.520000:y=14.710000<->AISLE:x=3.680000:y=14.710000,edge,2,1,0.2666666666666515,0.2666666666666515,0.0,0.0,0.2666666666666515,0.0,1
EDGE:AISLE:x=3.520000:y=6.310000<->AISLE:x=3.680000:y=6.310000,edge,30,5,3.9999999999989164,3.9999999999989164,0.0,0.0,3.9999999999989164,0.0,1
EDGE:AISLE:x=3.520000:y=7.510000<->AISLE:x=3.680000:y=7.510000,edge,26,5,3.4666666666641106,3.4666666666641106,0.0,0.0,3.4666666666641106,0.0,1
EDGE:AISLE:x=3.520000:y=8.410000<->AISLE:x=3.680000:y=8.410000,edge,71,8,9.46666666666362,9.46666666666362,0.0,0.0,9.46666666666362,0.0,1
EDGE:AISLE:x=3.520000:y=9.310000<->AISLE:x=3.680000:y=9.310000,edge,66,7,8.799999999995364,8.799999999995364,0.0,0.0,8.799999999995364,0.0,1
EDGE:AISLE:x=3.680000:y=10.210000<->AISLE:x=4.030000:y=10.210000,edge,88,8,25.66666666663292,25.66666666663292,0.0,0.0,25.66666666663292,0.0,1
EDGE:AISLE:x=3.680000:y=11.110000<->AISLE:x=4.030000:y=11.110000,edge,57,8,16.624999999982926,16.624999999982926,0.0,0.0,16.624999999982926,0.0,1
EDGE:AISLE:x=3.680000:y=12.010000<->AISLE:x=4.030000:y=12.010000,edge,80,8,23.333333333319942,23.333333333319942,0.0,0.0,23.333333333319942,0.0,1
EDGE:AISLE:x=3.680000:y=12.910000<->AISLE:x=4.030000:y=12.910000,edge,73,8,21.291666666645682,21.291666666645682,0.0,0.0,21.291666666645682,0.0,1
EDGE:AISLE:x=3.680000:y=13.810000<->AISLE:x=4.030000:y=13.810000,edge,49,6,14.291666666657122,14.291666666657122,0.0,0.0,14.291666666657122,0.0,1
EDGE:AISLE:x=3.680000:y=14.710000<->AISLE:x=4.030000:y=14.710000,edge,2,1,0.5833333333333712,0.5833333333333712,0.0,0.0,0.5833333333333712,0.0,1
EDGE:AISLE:x=3.680000:y=6.310000<->AISLE:x=4.030000:y=6.310000,edge,38,6,11.08333333332703,11.08333333332703,0.0,0.0,11.08333333332703,0.0,1
EDGE:AISLE:x=3.680000:y=7.510000<->AISLE:x=4.030000:y=7.510000,edge,36,6,10.499999999983572,10.499999999983572,0.0,0.0,10.499999999983572,0.0,1
EDGE:AISLE:x=3.680000:y=8.410000<->AISLE:x=4.030000:y=8.410000,edge,85,8,24.79166666664743,24.79166666664743,0.0,0.0,24.79166666664743,0.0,1
EDGE:AISLE:x=3.680000:y=9.310000<->AISLE:x=4.030000:y=9.310000,edge,68,8,19.833333333310563,19.833333333310563,0.0,0.0,19.833333333310563,0.0,1
EDGE:AISLE:x=4.340000:y=10.210000<->AISLE:x=4.500000:y=10.210000,edge,23,6,3.06666666666527,3.06666666666527,0.0,0.0,3.06666666666527,0.0,1
EDGE:AISLE:x=4.340000:y=10.210000<->SUP:CC-12,edge,23,6,5.94166666666527,5.94166666666527,0.0,0.0,5.94166666666527,0.0,1
EDGE:AISLE:x=4.340000:y=11.110000<->AISLE:x=4.500000:y=11.110000,edge,111,8,14.799999999992878,14.799999999992878,0.0,0.0,14.799999999992878,0.0,1
EDGE:AISLE:x=4.340000:y=11.110000<->SUP:CC-13,edge,113,8,29.191666666659074,29.191666666659074,0.0,0.0,29.191666666659074,0.0,1
EDGE:AISLE:x=4.340000:y=12.010000<->AISLE:x=4.500000:y=12.010000,edge,36,6,4.799999999998569,4.799999999998569,0.0,0.0,4.799999999998569,0.0,1
EDGE:AISLE:x=4.340000:y=12.010000<->SUP:CC-14,edge,52,7,13.433333333330417,13.433333333330417,0.0,0.0,13.433333333330417,0.0,1
EDGE:AISLE:x=4.340000:y=12.910000<->AISLE:x=4.500000:y=12.910000,edge,33,6,4.399999999998755,4.399999999998755,0.0,0.0,4.399999999998755,0.0,1
EDGE:AISLE:x=4.340000:y=12.910000<->SUP:CC-15,edge,47,6,12.141666666664861,12.141666666664861,0.0,0.0,12.141666666664861,0.0,1
EDGE:AISLE:x=4.340000:y=13.810000<->AISLE:x=4.500000:y=13.810000,edge,29,8,3.8666666666653384,3.8666666666653384,0.0,0.0,3.8666666666653384,0.0,1
EDGE:AISLE:x=4.340000:y=13.810000<->SUP:CC-16,edge,45,8,11.624999999998565,11.624999999998565,0.0,0.0,11.624999999998565,0.0,1
EDGE:AISLE:x=4.340000:y=14.710000<->AISLE:x=4.500000:y=14.710000,edge,3,2,0.3999999999997641,0.3999999999997641,0.0,0.0,0.3999999999997641,0.0,1
EDGE:AISLE:x=4.340000:y=14.710000<->SUP:CC-17,edge,5,3,1.2916666666664156,1.2916666666664156,0.0,0.0,1.2916666666664156,0.0,1
EDGE:AISLE:x=4.340000:y=6.310000<->AISLE:x=4.500000:y=6.310000,edge,14,3,1.866666666666383,1.866666666666383,0.0,0.0,1.866666666666383,0.0,1
EDGE:AISLE:x=4.340000:y=6.310000<->SUP:CC-08,edge,14,3,3.616666666666383,3.616666666666383,0.0,0.0,3.616666666666383,0.0,1
EDGE:AISLE:x=4.340000:y=7.510000<->AISLE:x=4.500000:y=7.510000,edge,53,6,7.066666666662087,7.066666666662087,0.0,0.0,7.066666666662087,0.0,1
EDGE:AISLE:x=4.340000:y=7.510000<->SUP:CC-09,edge,63,6,16.274999999994435,16.274999999994435,0.0,0.0,16.274999999994435,0.0,1
EDGE:AISLE:x=4.340000:y=8.410000<->AISLE:x=4.500000:y=8.410000,edge,66,8,8.799999999995421,8.799999999995421,0.0,0.0,8.799999999995421,0.0,1
EDGE:AISLE:x=4.340000:y=8.410000<->SUP:CC-10,edge,90,8,23.249999999994373,23.249999999994373,0.0,0.0,23.249999999994373,0.0,1
EDGE:AISLE:x=4.340000:y=9.310000<->AISLE:x=4.500000:y=9.310000,edge,20,7,2.666666666665378,2.666666666665378,0.0,0.0,2.666666666665378,0.0,1
EDGE:AISLE:x=4.340000:y=9.310000<->SUP:CC-11,edge,32,7,8.266666666665316,8.266666666665316,0.0,0.0,8.266666666665316,0.0,1
EDGE:AISLE:x=4.500000:y=10.210000<->AISLE:x=4.660000:y=10.210000,edge,21,6,2.799999999998846,2.799999999998846,0.0,0.0,2.799999999998846,0.0,1
EDGE:AISLE:x=4.500000:y=11.110000<->AISLE:x=4.660000:y=11.110000,edge,107,8,14.266666666659575,14.266666666659575,0.0,0.0,14.266666666659575,0.0,1
EDGE:AISLE:x=4.500000:y=12.010000<->AISLE:x=4.660000:y=12.010000,edge,36,5,4.799999999998555,4.799999999998555,0.0,0.0,4.799999999998555,0.0,1
EDGE:AISLE:x=4.500000:y=12.910000<->AISLE:x=4.660000:y=12.910000,edge,29,6,3.866666666665452,3.866666666665452,0.0,0.0,3.866666666665452,0.0,1
EDGE:AISLE:x=4.500000:y=13.810000<->AISLE:x=4.660000:y=13.810000,edge,29,8,3.866666666665566,3.866666666665566,0.0,0.0,3.866666666665566,0.0,1
EDGE:AISLE:x=4.500000:y=14.710000<->AISLE:x=4.660000:y=14.710000,edge,3,2,0.3999999999997641,0.3999999999997641,0.0,0.0,0.3999999999997641,0.0,1
EDGE:AISLE:x=4.500000:y=6.310000<->AISLE:x=4.660000:y=6.310000,edge,14,3,1.866666666666383,1.866666666666383,0.0,0.0,1.866666666666383,0.0,1
EDGE:AISLE:x=4.500000:y=7.510000<->AISLE:x=4.660000:y=7.510000,edge,53,6,7.066666666662087,7.066666666662087,0.0,0.0,7.066666666662087,0.0,1
EDGE:AISLE:x=4.500000:y=8.410000<->AISLE:x=4.660000:y=8.410000,edge,60,8,7.999999999995467,7.999999999995467,0.0,0.0,7.999999999995467,0.0,1
EDGE:AISLE:x=4.500000:y=9.310000<->AISLE:x=4.660000:y=9.310000,edge,14,6,1.8666666666654237,1.8666666666654237,0.0,0.0,1.8666666666654237,0.0,1
EDGE:AISLE:x=4.660000:y=10.210000<->AISLE:x=4.840000:y=10.210000,edge,15,6,2.2499999999973284,2.2499999999973284,0.0,0.0,2.2499999999973284,0.0,1
EDGE:AISLE:x=4.660000:y=11.110000<->AISLE:x=4.840000:y=11.110000,edge,103,8,15.449999999980225,15.449999999980225,0.0,0.0,15.449999999980225,0.0,1
EDGE:AISLE:x=4.660000:y=12.010000<->AISLE:x=4.840000:y=12.010000,edge,18,3,2.699999999997992,2.699999999997992,0.0,0.0,2.699999999997992,0.0,1
EDGE:AISLE:x=4.660000:y=12.910000<->AISLE:x=4.840000:y=12.910000,edge,29,6,4.3499999999964984,4.3499999999964984,0.0,0.0,4.3499999999964984,0.0,1
EDGE:AISLE:x=4.660000:y=13.810000<->AISLE:x=4.840000:y=13.810000,edge,19,7,2.8499999999982606,2.8499999999982606,0.0,0.0,2.8499999999982606,0.0,1
EDGE:AISLE:x=4.660000:y=14.710000<->AISLE:x=4.840000:y=14.710000,edge,3,2,0.4499999999992781,0.4499999999992781,0.0,0.0,0.4499999999992781,0.0,1
EDGE:AISLE:x=4.660000:y=6.310000<->AISLE:x=4.840000:y=6.310000,edge,14,3,2.0999999999991967,2.0999999999991967,0.0,0.0,2.0999999999991967,0.0,1
EDGE:AISLE:x=4.660000:y=7.510000<->AISLE:x=4.840000:y=7.510000,edge,51,6,7.649999999987102,7.649999999987102,0.0,0.0,7.649999999987102,0.0,1
EDGE:AISLE:x=4.660000:y=8.410000<->AISLE:x=4.840000:y=8.410000,edge,54,8,8.099999999987432,8.099999999987432,0.0,0.0,8.099999999987432,0.0,1
EDGE:AISLE:x=4.660000:y=9.310000<->AISLE:x=4.840000:y=9.310000,edge,14,6,2.099999999996271,2.099999999996271,0.0,0.0,2.099999999996271,0.0,1
EDGE:AISLE:x=4.840000:y=10.210000<->AISLE:x=5.000000:y=10.210000,edge,15,6,1.9999999999990905,1.9999999999990905,0.0,0.0,1.9999999999990905,0.0,1
EDGE:AISLE:x=4.840000:y=11.110000<->AISLE:x=5.000000:y=11.110000,edge,101,8,13.466666666660302,13.466666666660302,0.0,0.0,13.466666666660302,0.0,1
EDGE:AISLE:x=4.840000:y=12.010000<->AISLE:x=5.000000:y=12.010000,edge,18,3,2.399999999999345,2.399999999999345,0.0,0.0,2.399999999999345,0.0,1
EDGE:AISLE:x=4.840000:y=12.910000<->AISLE:x=5.000000:y=12.910000,edge,21,6,2.799999999999045,2.799999999999045,0.0,0.0,2.799999999999045,0.0,1
EDGE:AISLE:x=4.840000:y=13.810000<->AISLE:x=5.000000:y=13.810000,edge,19,7,2.533333333332749,2.533333333332749,0.0,0.0,2.533333333332749,0.0,1
EDGE:AISLE:x=4.840000:y=14.710000<->AISLE:x=5.000000:y=14.710000,edge,3,2,0.3999999999997641,0.3999999999997641,0.0,0.0,0.3999999999997641,0.0,1
EDGE:AISLE:x=4.840000:y=6.310000<->AISLE:x=5.000000:y=6.310000,edge,14,3,1.866666666666383,1.866666666666383,0.0,0.0,1.866666666666383,0.0,1
EDGE:AISLE:x=4.840000:y=7.510000<->AISLE:x=5.000000:y=7.510000,edge,51,6,6.799999999995663,6.799999999995663,0.0,0.0,6.799999999995663,0.0,1
EDGE:AISLE:x=4.840000:y=8.410000<->AISLE:x=5.000000:y=8.410000,edge,52,8,6.9333333333293155,6.9333333333293155,0.0,0.0,6.9333333333293155,0.0,1
EDGE:AISLE:x=4.840000:y=9.310000<->AISLE:x=5.000000:y=9.310000,edge,12,5,1.5999999999987722,1.5999999999987722,0.0,0.0,1.5999999999987722,0.0,1
EDGE:AISLE:x=5.000000:y=10.210000<->AISLE:x=5.160000:y=10.210000,edge,15,6,1.9999999999990905,1.9999999999990905,0.0,0.0,1.9999999999990905,0.0,1
EDGE:AISLE:x=5.000000:y=11.110000<->AISLE:x=5.160000:y=11.110000,edge,99,8,13.199999999993878,13.199999999993878,0.0,0.0,13.199999999993878,0.0,1
EDGE:AISLE:x=5.000000:y=12.010000<->AISLE:x=5.160000:y=12.010000,edge,16,3,2.1333333333327005,2.1333333333327005,0.0,0.0,2.1333333333327005,0.0,1
EDGE:AISLE:x=5.000000:y=12.910000<->AISLE:x=5.160000:y=12.910000,edge,21,6,2.799999999999045,2.799999999999045,0.0,0.0,2.799999999999045,0.0,1
EDGE:AISLE:x=5.000000:y=13.810000<->AISLE:x=5.160000:y=13.810000,edge,15,6,1.9999999999994458,1.9999999999994458,0.0,0.0,1.9999999999994458,0.0,1
EDGE:AISLE:x=5.000000:y=14.710000<->AISLE:x=5.160000:y=14.710000,edge,3,2,0.3999999999997641,0.3999999999997641,0.0,0.0,0.3999999999997641,0.0,1
EDGE:AISLE:x=5.000000:y=6.310000<->AISLE:x=5.160000:y=6.310000,edge,14,3,1.866666666666383,1.866666666666383,0.0,0.0,1.866666666666383,0.0,1
EDGE:AISLE:x=5.000000:y=7.510000<->AISLE:x=5.160000:y=7.510000,edge,47,6,6.266666666662815,6.266666666662815,0.0,0.0,6.266666666662815,0.0,1
EDGE:AISLE:x=5.000000:y=8.410000<->AISLE:x=5.160000:y=8.410000,edge,40,7,5.333333333330302,5.333333333330302,0.0,0.0,5.333333333330302,0.0,1
EDGE:AISLE:x=5.000000:y=9.310000<->AISLE:x=5.160000:y=9.310000,edge,12,5,1.5999999999987722,1.5999999999987722,0.0,0.0,1.5999999999987722,0.0,1
EDGE:AISLE:x=5.160000:y=10.210000<->AISLE:x=5.340000:y=10.210000,edge,15,6,2.2499999999973284,2.2499999999973284,0.0,0.0,2.2499999999973284,0.0,1
EDGE:AISLE:x=5.160000:y=11.110000<->AISLE:x=5.340000:y=11.110000,edge,97,8,14.549999999981726,14.549999999981726,0.0,0.0,14.549999999981726,0.0,1
EDGE:AISLE:x=5.160000:y=12.010000<->AISLE:x=5.340000:y=12.010000,edge,14,3,2.099999999998772,2.099999999998772,0.0,0.0,2.099999999998772,0.0,1
EDGE:AISLE:x=5.160000:y=12.910000<->AISLE:x=5.340000:y=12.910000,edge,21,6,3.1499999999973056,3.1499999999973056,0.0,0.0,3.1499999999973056,0.0,1
EDGE:AISLE:x=5.160000:y=13.810000<->AISLE:x=5.340000:y=13.810000,edge,15,6,2.2499999999983515,2.2499999999983515,0.0,0.0,2.2499999999983515,0.0,1
EDGE:AISLE:x=5.160000:y=14.710000<->AISLE:x=5.340000:y=14.710000,edge,3,2,0.4499999999992781,0.4499999999992781,0.0,0.0,0.4499999999992781,0.0,1
EDGE:AISLE:x=5.160000:y=6.310000<->AISLE:x=5.340000:y=6.310000,edge,14,3,2.0999999999991967,2.0999999999991967,0.0,0.0,2.0999999999991967,0.0,1
EDGE:AISLE:x=5.160000:y=7.510000<->AISLE:x=5.340000:y=7.510000,edge,43,6,6.4499999999893305,6.4499999999893305,0.0,0.0,6.4499999999893305,0.0,1
EDGE:AISLE:x=5.160000:y=8.410000<->AISLE:x=5.340000:y=8.410000,edge,40,7,5.999999999991104,5.999999999991104,0.0,0.0,5.999999999991104,0.0,1
EDGE:AISLE:x=5.160000:y=9.310000<->AISLE:x=5.340000:y=9.310000,edge,12,5,1.7999999999963165,1.7999999999963165,0.0,0.0,1.7999999999963165,0.0,1
EDGE:AISLE:x=5.340000:y=10.210000<->AISLE:x=5.500000:y=10.210000,edge,13,6,1.733333333332439,1.733333333332439,0.0,0.0,1.733333333332439,0.0,1
EDGE:AISLE:x=5.340000:y=11.110000<->AISLE:x=5.500000:y=11.110000,edge,95,8,12.666666666660575,12.666666666660575,0.0,0.0,12.666666666660575,0.0,1
EDGE:AISLE:x=5.340000:y=12.010000<->AISLE:x=5.500000:y=12.010000,edge,14,3,1.8666666666662763,1.8666666666662763,0.0,0.0,1.8666666666662763,0.0,1
EDGE:AISLE:x=5.340000:y=12.910000<->AISLE:x=5.500000:y=12.910000,edge,19,6,2.5333333333323935,2.5333333333323935,0.0,0.0,2.5333333333323935,0.0,1
EDGE:AISLE:x=5.340000:y=13.810000<->AISLE:x=5.500000:y=13.810000,edge,15,6,1.9999999999994458,1.9999999999994458,0.0,0.0,1.9999999999994458,0.0,1
EDGE:AISLE:x=5.340000:y=14.710000<->AISLE:x=5.500000:y=14.710000,edge,3,2,0.3999999999997641,0.3999999999997641,0.0,0.0,0.3999999999997641,0.0,1
EDGE:AISLE:x=5.340000:y=6.310000<->AISLE:x=5.500000:y=6.310000,edge,10,3,1.3333333333333002,1.3333333333333002,0.0,0.0,1.3333333333333002,0.0,1
EDGE:AISLE:x=5.340000:y=7.510000<->AISLE:x=5.500000:y=7.510000,edge,41,6,5.466666666663087,5.466666666663087,0.0,0.0,5.466666666663087,0.0,1
EDGE:AISLE:x=5.340000:y=8.410000<->AISLE:x=5.500000:y=8.410000,edge,38,7,5.06666666666365,5.06666666666365,0.0,0.0,5.06666666666365,0.0,1
EDGE:AISLE:x=5.340000:y=9.310000<->AISLE:x=5.500000:y=9.310000,edge,10,5,1.333333333332348,1.333333333332348,0.0,0.0,1.333333333332348,0.0,1
EDGE:AISLE:x=5.500000:y=10.210000<->AISLE:x=5.660000:y=10.210000,edge,13,6,1.733333333332439,1.733333333332439,0.0,0.0,1.733333333332439,0.0,1
EDGE:AISLE:x=5.500000:y=11.110000<->AISLE:x=5.660000:y=11.110000,edge,87,8,11.599999999994196,11.599999999994196,0.0,0.0,11.599999999994196,0.0,1
EDGE:AISLE:x=5.500000:y=12.010000<->AISLE:x=5.660000:y=12.010000,edge,12,3,1.5999999999996248,1.5999999999996248,0.0,0.0,1.5999999999996248,0.0,1
EDGE:AISLE:x=5.500000:y=12.910000<->AISLE:x=5.660000:y=12.910000,edge,15,6,1.9999999999990905,1.9999999999990905,0.0,0.0,1.9999999999990905,0.0,1
EDGE:AISLE:x=5.500000:y=13.810000<->AISLE:x=5.660000:y=13.810000,edge,15,6,1.9999999999994458,1.9999999999994458,0.0,0.0,1.9999999999994458,0.0,1
EDGE:AISLE:x=5.500000:y=14.710000<->AISLE:x=5.660000:y=14.710000,edge,3,2,0.3999999999997641,0.3999999999997641,0.0,0.0,0.3999999999997641,0.0,1
EDGE:AISLE:x=5.500000:y=6.310000<->AISLE:x=5.660000:y=6.310000,edge,10,3,1.3333333333333002,1.3333333333333002,0.0,0.0,1.3333333333333002,0.0,1
EDGE:AISLE:x=5.500000:y=7.510000<->AISLE:x=5.660000:y=7.510000,edge,41,6,5.466666666663087,5.466666666663087,0.0,0.0,5.466666666663087,0.0,1
EDGE:AISLE:x=5.500000:y=8.410000<->AISLE:x=5.660000:y=8.410000,edge,38,7,5.06666666666365,5.06666666666365,0.0,0.0,5.06666666666365,0.0,1
EDGE:AISLE:x=5.500000:y=9.310000<->AISLE:x=5.660000:y=9.310000,edge,6,4,0.7999999999994998,0.7999999999994998,0.0,0.0,0.7999999999994998,0.0,1
EDGE:AISLE:x=5.660000:y=10.210000<->AISLE:x=5.840000:y=10.210000,edge,13,6,1.9499999999973738,1.9499999999973738,0.0,0.0,1.9499999999973738,0.0,1
EDGE:AISLE:x=5.660000:y=11.110000<->AISLE:x=5.840000:y=11.110000,edge,81,8,12.14999999998351,12.14999999998351,0.0,0.0,12.14999999998351,0.0,1
EDGE:AISLE:x=5.660000:y=12.010000<->AISLE:x=5.840000:y=12.010000,edge,12,3,1.7999999999988177,1.7999999999988177,0.0,0.0,1.7999999999988177,0.0,1
EDGE:AISLE:x=5.660000:y=12.910000<->AISLE:x=5.840000:y=12.910000,edge,13,6,1.9499999999974307,1.9499999999974307,0.0,0.0,1.9499999999974307,0.0,1
EDGE:AISLE:x=5.660000:y=13.810000<->AISLE:x=5.840000:y=13.810000,edge,13,5,1.949999999998397,1.949999999998397,0.0,0.0,1.949999999998397,0.0,1
EDGE:AISLE:x=5.660000:y=14.710000<->AISLE:x=5.840000:y=14.710000,edge,3,2,0.4499999999992781,0.4499999999992781,0.0,0.0,0.4499999999992781,0.0,1
EDGE:AISLE:x=5.660000:y=6.310000<->AISLE:x=5.840000:y=6.310000,edge,10,3,1.4999999999999059,1.4999999999999059,0.0,0.0,1.4999999999999059,0.0,1
EDGE:AISLE:x=5.660000:y=7.510000<->AISLE:x=5.840000:y=7.510000,edge,39,6,5.849999999990104,5.849999999990104,0.0,0.0,5.849999999990104,0.0,1
EDGE:AISLE:x=5.660000:y=8.410000<->AISLE:x=5.840000:y=8.410000,edge,36,7,5.399999999991877,5.399999999991877,0.0,0.0,5.399999999991877,0.0,1
EDGE:AISLE:x=5.660000:y=9.310000<->AISLE:x=5.840000:y=9.310000,edge,6,4,0.8999999999984993,0.8999999999984993,0.0,0.0,0.8999999999984993,0.0,1
EDGE:AISLE:x=5.840000:y=10.210000<->AISLE:x=6.000000:y=10.210000,edge,11,6,1.4666666666657875,1.4666666666657875,0.0,0.0,1.4666666666657875,0.0,1
EDGE:AISLE:x=5.840000:y=11.110000<->AISLE:x=6.000000:y=11.110000,edge,85,8,11.33333333332709,11.33333333332709,0.0,0.0,11.33333333332709,0.0,1
EDGE:AISLE:x=5.840000:y=12.010000<->AISLE:x=6.000000:y=12.010000,edge,12,3,1.5999999999996248,1.5999999999996248,0.0,0.0,1.5999999999996248,0.0,1
EDGE:AISLE:x=5.840000:y=12.910000<->AISLE:x=6.000000:y=12.910000,edge,11,6,1.4666666666660149,1.4666666666660149,0.0,0.0,1.4666666666660149,0.0,1
EDGE:AISLE:x=5.840000:y=13.810000<->AISLE:x=6.000000:y=13.810000,edge,11,5,1.4666666666663701,1.4666666666663701,0.0,0.0,1.4666666666663701,0.0,1
EDGE:AISLE:x=5.840000:y=14.710000<->AISLE:x=6.000000:y=14.710000,edge,3,2,0.3999999999997641,0.3999999999997641,0.0,0.0,0.3999999999997641,0.0,1
EDGE:AISLE:x=5.840000:y=6.310000<->AISLE:x=6.000000:y=6.310000,edge,8,3,1.0666666666666345,1.0666666666666345,0.0,0.0,1.0666666666666345,0.0,1
EDGE:AISLE:x=5.840000:y=7.510000<->AISLE:x=6.000000:y=7.510000,edge,39,6,5.199999999996663,5.199999999996663,0.0,0.0,5.199999999996663,0.0,1
EDGE:AISLE:x=5.840000:y=8.410000<->AISLE:x=6.000000:y=8.410000,edge,32,7,4.26666666666415,4.26666666666415,0.0,0.0,4.26666666666415,0.0,1
EDGE:AISLE:x=5.840000:y=9.310000<->AISLE:x=6.000000:y=9.310000,edge,6,4,0.7999999999994998,0.7999999999994998,0.0,0.0,0.7999999999994998,0.0,1
EDGE:AISLE:x=6.000000:y=10.210000<->AISLE:x=6.160000:y=10.210000,edge,11,6,1.4666666666657875,1.4666666666657875,0.0,0.0,1.4666666666657875,0.0,1
EDGE:AISLE:x=6.000000:y=11.110000<->AISLE:x=6.160000:y=11.110000,edge,87,8,11.59999999999421,11.59999999999421,0.0,0.0,11.59999999999421,0.0,1
EDGE:AISLE:x=6.000000:y=12.010000<->AISLE:x=6.160000:y=12.010000,edge,12,3,1.5999999999996248,1.5999999999996248,0.0,0.0,1.5999999999996248,0.0,1
EDGE:AISLE:x=6.000000:y=12.910000<->AISLE:x=6.160000:y=12.910000,edge,9,6,1.1999999999993634,1.1999999999993634,0.0,0.0,1.1999999999993634,0.0,1
EDGE:AISLE:x=6.000000:y=13.810000<->AISLE:x=6.160000:y=13.810000,edge,9,4,1.1999999999997186,1.1999999999997186,0.0,0.0,1.1999999999997186,0.0,1
EDGE:AISLE:x=6.000000:y=14.710000<->AISLE:x=6.160000:y=14.710000,edge,3,2,0.3999999999997641,0.3999999999997641,0.0,0.0,0.3999999999997641,0.0,1
EDGE:AISLE:x=6.000000:y=6.310000<->AISLE:x=6.160000:y=6.310000,edge,6,2,0.799999999999983,0.799999999999983,0.0,0.0,0.799999999999983,0.0,1
EDGE:AISLE:x=6.000000:y=7.510000<->AISLE:x=6.160000:y=7.510000,edge,33,6,4.399999999997391,4.399999999997391,0.0,0.0,4.399999999997391,0.0,1
EDGE:AISLE:x=6.000000:y=8.410000<->AISLE:x=6.160000:y=8.410000,edge,28,7,3.7333333333310748,3.7333333333310748,0.0,0.0,3.7333333333310748,0.0,1
EDGE:AISLE:x=6.000000:y=9.310000<->AISLE:x=6.160000:y=9.310000,edge,6,4,0.7999999999994998,0.7999999999994998,0.0,0.0,0.7999999999994998,0.0,1
EDGE:AISLE:x=6.160000:y=10.210000<->AISLE:x=6.340000:y=10.210000,edge,15,6,2.2499999999966747,2.2499999999966747,0.0,0.0,2.2499999999966747,0.0,1
EDGE:AISLE:x=6.160000:y=11.110000<->AISLE:x=6.340000:y=11.110000,edge,73,8,10.949999999985,10.949999999985,0.0,0.0,10.949999999985,0.0,1
EDGE:AISLE:x=6.160000:y=12.010000<->AISLE:x=6.340000:y=12.010000,edge,8,2,1.1999999999988518,1.1999999999988518,0.0,0.0,1.1999999999988518,0.0,1
EDGE:AISLE:x=6.160000:y=12.910000<->AISLE:x=6.340000:y=12.910000,edge,5,4,0.7499999999996589,0.7499999999996589,0.0,0.0,0.7499999999996589,0.0,1
EDGE:AISLE:x=6.160000:y=13.810000<->AISLE:x=6.340000:y=13.810000,edge,9,4,1.34999999999917,1.34999999999917,0.0,0.0,1.34999999999917,0.0,1
EDGE:AISLE:x=6.160000:y=14.710000<->AISLE:x=6.340000:y=14.710000,edge,3,2,0.4499999999992781,0.4499999999992781,0.0,0.0,0.4499999999992781,0.0,1
EDGE:AISLE:x=6.160000:y=6.310000<->AISLE:x=6.340000:y=6.310000,edge,6,2,0.8999999999999524,0.8999999999999524,0.0,0.0,0.8999999999999524,0.0,1
EDGE:AISLE:x=6.160000:y=7.510000<->AISLE:x=6.340000:y=7.510000,edge,31,6,4.649999999993014,4.649999999993014,0.0,0.0,4.649999999993014,0.0,1
EDGE:AISLE:x=6.160000:y=8.410000<->AISLE:x=6.340000:y=8.410000,edge,22,7,3.29999999999481,3.29999999999481,0.0,0.0,3.29999999999481,0.0,1
EDGE:AISLE:x=6.160000:y=9.310000<->AISLE:x=6.340000:y=9.310000,edge,6,4,0.8999999999984993,0.8999999999984993,0.0,0.0,0.8999999999984993,0.0,1
EDGE:AISLE:x=6.340000:y=10.210000<->AISLE:x=6.500000:y=10.210000,edge,15,6,1.9999999999988631,1.9999999999988631,0.0,0.0,1.9999999999988631,0.0,1
EDGE:AISLE:x=6.340000:y=11.110000<->AISLE:x=6.500000:y=11.110000,edge,61,8,8.133333333328594,8.133333333328594,0.0,0.0,8.133333333328594,0.0,1
EDGE:AISLE:x=6.340000:y=12.010000<->AISLE:x=6.500000:y=12.010000,edge,4,2,0.533333333332962,0.533333333332962,0.0,0.0,0.533333333332962,0.0,1
EDGE:AISLE:x=6.340000:y=12.910000<->AISLE:x=6.500000:y=12.910000,edge,3,3,0.3999999999998636,0.3999999999998636,0.0,0.0,0.3999999999998636,0.0,1
EDGE:AISLE:x=6.340000:y=13.810000<->AISLE:x=6.500000:y=13.810000,edge,9,4,1.1999999999997186,1.1999999999997186,0.0,0.0,1.1999999999997186,0.0,1
EDGE:AISLE:x=6.340000:y=14.710000<->AISLE:x=6.500000:y=14.710000,edge,3,2,0.3999999999997641,0.3999999999997641,0.0,0.0,0.3999999999997641,0.0,1
EDGE:AISLE:x=6.340000:y=6.310000<->AISLE:x=6.500000:y=6.310000,edge,4,2,0.5333333333333314,0.5333333333333314,0.0,0.0,0.5333333333333314,0.0,1
EDGE:AISLE:x=6.340000:y=7.510000<->AISLE:x=6.500000:y=7.510000,edge,31,6,4.133333333331194,4.133333333331194,0.0,0.0,4.133333333331194,0.0,1
EDGE:AISLE:x=6.340000:y=8.410000<->AISLE:x=6.500000:y=8.410000,edge,22,7,2.933333333331575,2.933333333331575,0.0,0.0,2.933333333331575,0.0,1
EDGE:AISLE:x=6.340000:y=9.310000<->AISLE:x=6.500000:y=9.310000,edge,8,5,1.0666666666661513,1.0666666666661513,0.0,0.0,1.0666666666661513,0.0,1
EDGE:AISLE:x=6.500000:y=10.210000<->AISLE:x=6.660000:y=10.210000,edge,15,6,1.9999999999988631,1.9999999999988631,0.0,0.0,1.9999999999988631,0.0,1
EDGE:AISLE:x=6.500000:y=11.110000<->AISLE:x=6.660000:y=11.110000,edge,45,8,5.999999999996277,5.999999999996277,0.0,0.0,5.999999999996277,0.0,1
EDGE:AISLE:x=6.500000:y=12.010000<->AISLE:x=6.660000:y=12.010000,edge,6,2,0.7999999999996135,0.7999999999996135,0.0,0.0,0.7999999999996135,0.0,1
EDGE:AISLE:x=6.500000:y=12.910000<->AISLE:x=6.660000:y=12.910000,edge,3,3,0.3999999999998636,0.3999999999998636,0.0,0.0,0.3999999999998636,0.0,1
EDGE:AISLE:x=6.500000:y=13.810000<->AISLE:x=6.660000:y=13.810000,edge,5,3,0.6666666666664156,0.6666666666664156,0.0,0.0,0.6666666666664156,0.0,1
EDGE:AISLE:x=6.500000:y=14.710000<->AISLE:x=6.660000:y=14.710000,edge,3,2,0.3999999999997641,0.3999999999997641,0.0,0.0,0.3999999999997641,0.0,1
EDGE:AISLE:x=6.500000:y=6.310000<->AISLE:x=6.660000:y=6.310000,edge,2,1,0.2666666666666657,0.2666666666666657,0.0,0.0,0.2666666666666657,0.0,1
EDGE:AISLE:x=6.500000:y=7.510000<->AISLE:x=6.660000:y=7.510000,edge,23,5,3.0666666666650144,3.0666666666650144,0.0,0.0,3.0666666666650144,0.0,1
EDGE:AISLE:x=6.500000:y=8.410000<->AISLE:x=6.660000:y=8.410000,edge,22,7,2.933333333331575,2.933333333331575,0.0,0.0,2.933333333331575,0.0,1
EDGE:AISLE:x=6.500000:y=9.310000<->AISLE:x=6.660000:y=9.310000,edge,8,5,1.0666666666661513,1.0666666666661513,0.0,0.0,1.0666666666661513,0.0,1
EDGE:AISLE:x=6.660000:y=10.210000<->SUP:RC-12,edge,13,6,2.166666666662451,2.166666666662451,0.0,0.0,2.166666666662451,0.0,1
EDGE:AISLE:x=6.660000:y=11.110000<->SUP:RC-13,edge,25,8,4.166666666658216,4.166666666658216,0.0,0.0,4.166666666658216,0.0,1
EDGE:AISLE:x=6.660000:y=12.010000<->SUP:RC-14,edge,6,2,0.9999999999982379,0.9999999999982379,0.0,0.0,0.9999999999982379,0.0,1
EDGE:AISLE:x=6.660000:y=12.910000<->SUP:RC-15,edge,3,3,0.4999999999993747,0.4999999999993747,0.0,0.0,0.4999999999993747,0.0,1
EDGE:AISLE:x=6.660000:y=13.810000<->SUP:RC-16,edge,5,3,0.8333333333321349,0.8333333333321349,0.0,0.0,0.8333333333321349,0.0,1
EDGE:AISLE:x=6.660000:y=14.710000<->SUP:RC-17,edge,3,2,0.4999999999987921,0.4999999999987921,0.0,0.0,0.4999999999987921,0.0,1
EDGE:AISLE:x=6.660000:y=7.510000<->SUP:RC-09,edge,13,5,2.166666666662394,2.166666666662394,0.0,0.0,2.166666666662394,0.0,1
EDGE:AISLE:x=6.660000:y=8.410000<->SUP:RC-10,edge,22,7,3.6666666666581875,3.6666666666581875,0.0,0.0,3.6666666666581875,0.0,1
EDGE:AISLE:x=6.660000:y=9.310000<->SUP:RC-11,edge,8,5,1.3333333333308701,1.3333333333308701,0.0,0.0,1.3333333333308701,0.0,1
EDGE:SUP:CC-01<->SUP:CC-02,edge,170,8,127.5,127.5,0.0,0.0,127.5,0.0,1
EDGE:SUP:CC-02<->SUP:CC-03,edge,170,8,127.5,127.5,0.0,0.0,127.5,0.0,1
EDGE:SUP:CC-03<->SUP:CC-04,edge,170,8,127.50000000000003,127.50000000000003,0.0,0.0,127.50000000000003,0.0,1
EDGE:SUP:CC-04<->SUP:CC-05,edge,170,8,127.5,127.5,0.0,0.0,127.5,0.0,1
EDGE:SUP:CC-05<->SUP:CC-06,edge,170,8,127.50000000000006,127.50000000000006,0.0,0.0,127.50000000000006,0.0,1
EDGE:SUP:CC-06<->SUP:CC-07,edge,170,8,127.50000000000006,127.50000000000006,0.0,0.0,127.50000000000006,0.0,1
EDGE:SUP:CC-07<->SUP:CC-08,edge,170,8,170.0,170.0,0.0,0.0,170.0,0.0,1
EDGE:SUP:CC-08<->SUP:CC-09,edge,180,8,180.0,180.0,0.0,0.0,180.0,0.0,1
EDGE:SUP:CC-09<->SUP:CC-10,edge,181,8,135.75,135.75,0.0,0.0,135.75,0.0,1
EDGE:SUP:CC-10<->SUP:CC-11,edge,182,8,136.5,136.5,0.0,0.0,136.5,0.0,1
EDGE:SUP:CC-11<->SUP:CC-12,edge,170,8,127.5,127.5,0.0,0.0,127.5,0.0,1
EDGE:SUP:CC-12<->SUP:CC-13,edge,193,8,144.75,144.75,0.0,0.0,144.75,0.0,1
EDGE:SUP:CC-13<->SUP:CC-14,edge,155,8,116.25000000000003,116.25000000000003,0.0,0.0,116.25000000000003,0.0,1
EDGE:SUP:CC-14<->SUP:CC-15,edge,129,8,96.75,96.75,0.0,0.0,96.75,0.0,1
EDGE:SUP:CC-15<->SUP:CC-16,edge,83,8,62.25,62.25,0.0,0.0,62.25,0.0,1
EDGE:SUP:CC-16<->SUP:CC-17,edge,7,3,5.25,5.25,0.0,0.0,5.25,0.0,1
EDGE:SUP:LC-08<->SUP:LC-09,edge,6,4,6.0,6.0,0.0,0.0,6.0,0.0,1
EDGE:SUP:LC-09<->SUP:LC-10,edge,18,7,13.5,13.5,0.0,0.0,13.5,0.0,1
EDGE:SUP:LC-10<->SUP:LC-11,edge,27,8,20.25,20.25,0.0,0.0,20.25,0.0,1
EDGE:SUP:LC-11<->SUP:LC-12,edge,31,8,23.25,23.25,0.0,0.0,23.25,0.0,1
EDGE:SUP:LC-12<->SUP:LC-13,edge,29,8,21.75,21.75,0.0,0.0,21.75,0.0,1
EDGE:SUP:LC-13<->SUP:LC-14,edge,20,8,15.0,15.0,0.0,0.0,15.0,0.0,1
EDGE:SUP:LC-14<->SUP:LC-15,edge,18,7,13.5,13.5,0.0,0.0,13.5,0.0,1
EDGE:SUP:LC-15<->SUP:LC-16,edge,11,5,8.25,8.25,0.0,0.0,8.25,0.0,1
EDGE:SUP:RC-09<->SUP:RC-10,edge,13,5,9.75,9.75,0.0,0.0,9.75,0.0,1
EDGE:SUP:RC-10<->SUP:RC-11,edge,13,6,9.75,9.75,0.0,0.0,9.75,0.0,1
EDGE:SUP:RC-11<->SUP:RC-12,edge,15,7,11.25,11.25,0.0,0.0,11.25,0.0,1
EDGE:SUP:RC-12<->SUP:RC-13,edge,16,7,12.0,12.0,0.0,0.0,12.0,0.0,1
EDGE:SUP:RC-13<->SUP:RC-14,edge,11,6,8.25,8.25,0.0,0.0,8.25,0.0,1
EDGE:SUP:RC-14<->SUP:RC-15,edge,7,5,5.25,5.25,0.0,0.0,5.25,0.0,1
EDGE:SUP:RC-15<->SUP:RC-16,edge,4,3,3.0,3.0,0.0,0.0,3.0,0.0,1
EDGE:SUP:RC-16<->SUP:RC-17,edge,3,2,2.25,2.25,0.0,0.0,2.25,0.0,1
NODE:AISLE:x=0.860000:y=11.110000,node,6,3,18.0,0.0,18.0,0.0,18.0,0.0,1
NODE:AISLE:x=0.860000:y=12.010000,node,4,4,12.0,0.0,12.0,0.0,12.0,0.0,1
NODE:AISLE:x=0.860000:y=12.910000,node,2,1,6.0,0.0,6.0,0.0,6.0,0.0,1
NODE:AISLE:x=0.860000:y=6.310000,node,2,1,6.0,0.0,6.0,0.0,6.0,0.0,1
NODE:AISLE:x=0.860000:y=7.510000,node,2,2,6.0,0.0,6.0,0.0,6.0,0.0,1
NODE:AISLE:x=0.860000:y=8.410000,node,2,2,6.0,0.0,6.0,0.0,6.0,0.0,1
NODE:AISLE:x=0.860000:y=9.310000,node,12,3,36.0,0.0,36.0,0.0,36.0,0.0,1
NODE:AISLE:x=1.020000:y=12.010000,node,9,2,27.0,0.0,27.0,0.0,27.0,0.0,1
NODE:AISLE:x=1.020000:y=12.910000,node,7,6,21.0,0.0,21.0,0.0,21.0,0.0,1
NODE:AISLE:x=1.020000:y=13.810000,node,7,3,21.0,0.0,21.0,0.0,21.0,0.0,1
NODE:AISLE:x=1.020000:y=6.310000,node,1,1,3.0,0.0,3.0,0.0,3.0,0.0,1
NODE:AISLE:x=1.020000:y=8.410000,node,3,2,9.0,0.0,9.0,0.0,9.0,0.0,1
NODE:AISLE:x=1.020000:y=9.310000,node,18,4,54.0,0.0,54.0,0.0,54.0,0.0,1
NODE:AISLE:x=1.180000:y=11.110000,node,1,1,3.0,0.0,3.0,0.0,3.0,0.0,1
NODE:AISLE:x=1.180000:y=12.910000,node,1,1,3.0,0.0,3.0,0.0,3.0,0.0,1
NODE:AISLE:x=1.180000:y=6.310000,node,2,1,6.0,0.0,6.0,0.0,6.0,0.0,1
NODE:AISLE:x=1.180000:y=8.410000,node,4,2,12.0,0.0,12.0,0.0,12.0,0.0,1
NODE:AISLE:x=1.180000:y=9.310000,node,5,3,15.0,0.0,15.0,0.0,15.0,0.0,1
NODE:AISLE:x=1.360000:y=10.210000,node,1,1,3.0,0.0,3.0,0.0,3.0,0.0,1
NODE:AISLE:x=1.360000:y=11.110000,node,5,2,15.0,0.0,15.0,0.0,15.0,0.0,1
NODE:AISLE:x=1.360000:y=12.010000,node,3,2,9.0,0.0,9.0,0.0,9.0,0.0,1
NODE:AISLE:x=1.360000:y=12.910000,node,1,1,3.0,0.0,3.0,0.0,3.0,0.0,1
NODE:AISLE:x=1.360000:y=6.310000,node,4,1,12.0,0.0,12.0,0.0,12.0,0.0,1
NODE:AISLE:x=1.360000:y=7.510000,node,1,1,3.0,0.0,3.0,0.0,3.0,0.0,1
NODE:AISLE:x=1.360000:y=8.410000,node,2,1,6.0,0.0,6.0,0.0,6.0,0.0,1
NODE:AISLE:x=1.360000:y=9.310000,node,5,3,15.0,0.0,15.0,0.0,15.0,0.0,1
NODE:AISLE:x=1.520000:y=10.210000,node,12,4,36.0,0.0,36.0,0.0,36.0,0.0,1
NODE:AISLE:x=1.520000:y=11.110000,node,4,2,11.999999999999993,0.0,11.999999999999993,0.0,11.999999999999993,0.0,1
NODE:AISLE:x=1.520000:y=12.010000,node,9,2,27.0,0.0,27.0,0.0,27.0,0.0,1
NODE:AISLE:x=1.520000:y=12.910000,node,5,3,15.0,0.0,15.0,0.0,15.0,0.0,1
NODE:AISLE:x=1.520000:y=13.810000,node,5,3,15.0,0.0,15.0,0.0,15.0,0.0,1
NODE:AISLE:x=1.520000:y=6.310000,node,7,3,21.0,0.0,21.0,0.0,21.0,0.0,1
NODE:AISLE:x=1.520000:y=7.510000,node,2,2,6.0,0.0,6.0,0.0,6.0,0.0,1
NODE:AISLE:x=1.520000:y=8.410000,node,4,3,12.0,0.0,12.0,0.0,12.0,0.0,1
NODE:AISLE:x=1.520000:y=9.310000,node,11,4,33.0,0.0,33.0,0.0,33.0,0.0,1
NODE:AISLE:x=1.680000:y=10.210000,node,22,4,66.0,0.0,66.0,0.0,66.0,0.0,1
NODE:AISLE:x=1.680000:y=11.110000,node,3,3,9.0,0.0,9.0,0.0,9.0,0.0,1
NODE:AISLE:x=1.680000:y=12.010000,node,4,3,9.016666666666765,0.0,9.0,0.016666666666765195,9.0,0.016666666666765195,2
NODE:AISLE:x=1.680000:y=13.810000,node,2,2,6.0,0.0,6.0,0.0,6.0,0.0,1
NODE:AISLE:x=1.680000:y=6.310000,node,8,1,24.0,0.0,24.0,0.0,24.0,0.0,1
NODE:AISLE:x=1.680000:y=8.410000,node,4,2,12.0,0.0,12.0,0.0,12.0,0.0,1
NODE:AISLE:x=1.680000:y=9.310000,node,2,2,6.0,0.0,6.0,0.0,6.0,0.0,1
NODE:AISLE:x=1.860000:y=10.210000,node,9,4,27.0,0.0,27.0,0.0,27.0,0.0,1
NODE:AISLE:x=1.860000:y=11.110000,node,16,5,48.0,0.0,48.0,0.0,48.0,0.0,1
NODE:AISLE:x=1.860000:y=12.010000,node,4,3,12.0,0.0,12.0,0.0,12.0,0.0,1
NODE:AISLE:x=1.860000:y=12.910000,node,9,3,27.0,0.0,27.0,0.0,27.0,0.0,1
NODE:AISLE:x=1.860000:y=13.810000,node,2,2,6.0,0.0,6.0,0.0,6.0,0.0,1
NODE:AISLE:x=1.860000:y=6.310000,node,9,3,27.0,0.0,27.0,0.0,27.0,0.0,1
NODE:AISLE:x=1.860000:y=7.510000,node,6,2,18.0,0.0,18.0,0.0,18.0,0.0,1
NODE:AISLE:x=1.860000:y=8.410000,node,10,5,30.0,0.0,30.0,0.0,30.0,0.0,1
NODE:AISLE:x=1.860000:y=9.310000,node,11,7,30.133333333342307,0.0,30.0,0.13333333334230701,30.133333333342307,0.0,1
NODE:AISLE:x=2.020000:y=10.210000,node,9,4,27.0,0.0,27.0,0.0,27.0,0.0,1
NODE:AISLE:x=2.020000:y=11.110000,node,3,2,9.0,0.0,9.0,0.0,9.0,0.0,1
NODE:AISLE:x=2.020000:y=12.010000,node,3,1,9.0,0.0,9.0,0.0,9.0,0.0,1
NODE:AISLE:x=2.020000:y=12.910000,node,19,2,57.0,0.0,57.0,0.0,57.0,0.0,1
NODE:AISLE:x=2.020000:y=13.810000,node,2,2,6.0,0.0,6.0,0.0,6.0,0.0,1
NODE:AISLE:x=2.020000:y=6.310000,node,7,1,21.0,0.0,21.0,0.0,21.0,0.0,1
NODE:AISLE:x=2.020000:y=7.510000,node,4,2,12.0,0.0,12.0,0.0,12.0,0.0,1
NODE:AISLE:x=2.020000:y=8.410000,node,7,2,21.0,0.0,21.0,0.0,21.0,0.0,1
NODE:AISLE:x=2.020000:y=9.310000,node,11,4,30.049999999999898,0.0,27.0,3.0499999999998977,27.0,3.0499999999998977,2
NODE:AISLE:x=2.180000:y=10.210000,node,8,4,24.0,0.0,24.0,0.0,24.0,0.0,1
NODE:AISLE:x=2.180000:y=11.110000,node,16,6,48.0,0.0,48.0,0.0,48.0,0.0,1
NODE:AISLE:x=2.180000:y=12.010000,node,4,1,12.0,0.0,12.0,0.0,12.0,0.0,1
NODE:AISLE:x=2.180000:y=12.910000,node,1,1,3.0,0.0,3.0,0.0,3.0,0.0,1
NODE:AISLE:x=2.180000:y=7.510000,node,5,2,15.0,0.0,15.0,0.0,15.0,0.0,1
NODE:AISLE:x=2.180000:y=8.410000,node,10,4,30.0,0.0,30.0,0.0,30.0,0.0,1
NODE:AISLE:x=2.180000:y=9.310000,node,11,6,33.0,0.0,33.0,0.0,33.0,0.0,1
NODE:AISLE:x=2.360000:y=10.210000,node,4,3,12.0,0.0,12.0,0.0,12.0,0.0,1
NODE:AISLE:x=2.360000:y=11.110000,node,13,3,36.050000000000026,0.0,36.000000000000014,0.05000000000001137,36.000000000000014,0.05000000000001137,2
NODE:AISLE:x=2.360000:y=12.910000,node,3,2,9.0,0.0,9.0,0.0,9.0,0.0,1
NODE:AISLE:x=2.360000:y=13.810000,node,3,1,9.0,0.0,9.0,0.0,9.0,0.0,1
NODE:AISLE:x=2.360000:y=7.510000,node,5,2,15.0,0.0,15.0,0.0,15.0,0.0,1
NODE:AISLE:x=2.360000:y=8.410000,node,2,2,6.0,0.0,6.0,0.0,6.0,0.0,1
NODE:AISLE:x=2.360000:y=9.310000,node,15,5,42.03333333333333,0.0,42.0,0.03333333333333144,42.03333333333333,0.0,1
NODE:AISLE:x=2.520000:y=10.210000,node,20,4,60.0,0.0,60.0,0.0,60.0,0.0,1
NODE:AISLE:x=2.520000:y=11.110000,node,16,3,45.71666666666715,0.0,39.0,6.716666666667152,39.0,6.716666666667152,2
NODE:AISLE:x=2.520000:y=12.010000,node,2,2,6.0,0.0,6.0,0.0,6.0,0.0,1
NODE:AISLE:x=2.520000:y=12.910000,node,6,4,18.0,0.0,18.0,0.0,18.0,0.0,1
NODE:AISLE:x=2.520000:y=6.310000,node,4,1,12.0,0.0,12.0,0.0,12.0,0.0,1
NODE:AISLE:x=2.520000:y=7.510000,node,6,3,18.0,0.0,18.0,0.0,18.0,0.0,1
NODE:AISLE:x=2.520000:y=9.310000,node,9,5,27.0,0.0,27.0,0.0,27.0,0.0,1
NODE:AISLE:x=2.680000:y=10.210000,node,42,4,124.95000000000437,0.0,105.0,19.950000000004366,105.0,19.950000000004366,2
NODE:AISLE:x=2.680000:y=11.110000,node,4,2,12.0,0.0,12.0,0.0,12.0,0.0,1
NODE:AISLE:x=2.680000:y=12.010000,node,1,1,3.0,0.0,3.0,0.0,3.0,0.0,1
NODE:AISLE:x=2.680000:y=12.910000,node,1,1,3.0,0.0,3.0,0.0,3.0,0.0,1
NODE:AISLE:x=2.680000:y=13.810000,node,2,1,6.0,0.0,6.0,0.0,6.0,0.0,1
NODE:AISLE:x=2.680000:y=7.510000,node,7,2,21.0,0.0,21.0,0.0,21.0,0.0,1
NODE:AISLE:x=2.680000:y=8.410000,node,8,3,24.0,0.0,24.0,0.0,24.0,0.0,1
NODE:AISLE:x=2.680000:y=9.310000,node,14,5,42.0,0.0,42.0,0.0,42.0,0.0,1
NODE:AISLE:x=2.860000:y=10.210000,node,32,6,96.0,0.0,96.0,0.0,96.0,0.0,1
NODE:AISLE:x=2.860000:y=11.110000,node,2,2,6.0,0.0,6.0,0.0,6.0,0.0,1
NODE:AISLE:x=2.860000:y=12.010000,node,3,3,9.0,0.0,9.0,0.0,9.0,0.0,1
NODE:AISLE:x=2.860000:y=12.910000,node,7,2,21.0,0.0,21.0,0.0,21.0,0.0,1
NODE:AISLE:x=2.860000:y=13.810000,node,5,2,15.0,0.0,15.0,0.0,15.0,0.0,1
NODE:AISLE:x=2.860000:y=6.310000,node,14,2,41.99999999999997,0.0,41.99999999999997,0.0,41.99999999999997,0.0,1
NODE:AISLE:x=2.860000:y=7.510000,node,3,1,9.0,0.0,9.0,0.0,9.0,0.0,1
NODE:AISLE:x=2.860000:y=8.410000,node,18,4,54.0,0.0,54.0,0.0,54.0,0.0,1
NODE:AISLE:x=2.860000:y=9.310000,node,9,5,27.0,0.0,27.0,0.0,27.0,0.0,1
NODE:AISLE:x=3.020000:y=10.210000,node,32,5,93.4000000000051,0.0,87.0,6.400000000005093,87.0,6.400000000005093,2
NODE:AISLE:x=3.020000:y=11.110000,node,4,3,12.0,0.0,12.0,0.0,12.0,0.0,1
NODE:AISLE:x=3.020000:y=12.010000,node,19,6,57.0,0.0,57.0,0.0,57.0,0.0,1
NODE:AISLE:x=3.020000:y=12.910000,node,7,4,21.0,0.0,21.0,0.0,21.0,0.0,1
NODE:AISLE:x=3.020000:y=13.810000,node,5,3,15.0,0.0,15.0,0.0,15.0,0.0,1
NODE:AISLE:x=3.020000:y=7.510000,node,4,1,12.0,0.0,12.0,0.0,12.0,0.0,1
NODE:AISLE:x=3.020000:y=8.410000,node,23,6,69.0,0.0,69.0,0.0,69.0,0.0,1
NODE:AISLE:x=3.020000:y=9.310000,node,11,4,33.0,0.0,33.0,0.0,33.0,0.0,1
NODE:AISLE:x=3.180000:y=10.210000,node,19,4,54.149999999999636,0.0,54.0,0.1499999999996362,54.149999999999636,0.0,1
NODE:AISLE:x=3.180000:y=11.110000,node,2,2,6.0,0.0,6.0,0.0,6.0,0.0,1
NODE:AISLE:x=3.180000:y=12.010000,node,15,4,44.99999999999997,0.0,44.99999999999997,0.0,44.99999999999997,0.0,1
NODE:AISLE:x=3.180000:y=12.910000,node,3,2,6.033333333333303,0.0,6.0,0.03333333333330302,6.033333333333303,0.0,1
NODE:AISLE:x=3.180000:y=14.710000,node,1,1,3.0,0.0,3.0,0.0,3.0,0.0,1
NODE:AISLE:x=3.180000:y=7.510000,node,2,1,6.0,0.0,6.0,0.0,6.0,0.0,1
NODE:AISLE:x=3.180000:y=8.410000,node,34,7,96.65000000000055,0.0,81.0,15.650000000000546,81.11666666666645,15.533333333334099,2
NODE:AISLE:x=3.180000:y=9.310000,node,12,4,36.0,0.0,36.0,0.0,36.0,0.0,1
NODE:AISLE:x=3.360000:y=10.210000,node,14,4,42.0,0.0,42.0,0.0,42.0,0.0,1
NODE:AISLE:x=3.360000:y=11.110000,node,9,2,27.0,0.0,27.0,0.0,27.0,0.0,1
NODE:AISLE:x=3.360000:y=12.010000,node,15,5,39.51666666666699,0.0,39.0,0.5166666666669926,39.11666666666679,0.40000000000020464,2
NODE:AISLE:x=3.360000:y=12.910000,node,9,4,27.0,0.0,27.0,0.0,27.0,0.0,1
NODE:AISLE:x=3.360000:y=13.810000,node,1,1,3.0,0.0,3.0,0.0,3.0,0.0,1
NODE:AISLE:x=3.360000:y=7.510000,node,5,3,15.0,0.0,15.0,0.0,15.0,0.0,1
NODE:AISLE:x=3.360000:y=8.410000,node,9,4,24.066666666666436,0.0,24.0,0.0666666666664355,24.066666666666436,0.0,1
NODE:AISLE:x=3.360000:y=9.310000,node,4,1,12.0,0.0,12.0,0.0,12.0,0.0,1
NODE:AISLE:x=3.520000:y=10.210000,node,14,3,42.0,0.0,42.0,0.0,42.0,0.0,1
NODE:AISLE:x=3.520000:y=11.110000,node,6,3,18.0,0.0,18.0,0.0,18.0,0.0,1
NODE:AISLE:x=3.520000:y=12.010000,node,11,4,30.13333333333378,0.0,30.0,0.1333333333337805,30.0,0.1333333333337805,2
NODE:AISLE:x=3.520000:y=12.910000,node,6,5,18.0,0.0,18.0,0.0,18.0,0.0,1
NODE:AISLE:x=3.520000:y=13.810000,node,7,5,21.0,0.0,21.0,0.0,21.0,0.0,1
NODE:AISLE:x=3.520000:y=6.310000,node,4,2,12.0,0.0,12.0,0.0,12.0,0.0,1
NODE:AISLE:x=3.520000:y=8.410000,node,1,1,3.0,0.0,3.0,0.0,3.0,0.0,1
NODE:AISLE:x=3.520000:y=9.310000,node,2,2,6.0,0.0,6.0,0.0,6.0,0.0,1
NODE:AISLE:x=3.680000:y=10.210000,node,14,5,39.133333333327755,0.0,39.0,0.1333333333277551,39.133333333327755,0.0,1
NODE:AISLE:x=3.680000:y=11.110000,node,17,5,48.16666666666623,0.0,48.0,0.16666666666623087,48.16666666666623,0.0,1
NODE:AISLE:x=3.680000:y=12.010000,node,37,7,106.96666666666329,0.0,102.0,4.966666666663286,102.0,4.966666666663286,2
NODE:AISLE:x=3.680000:y=12.910000,node,22,5,66.0,0.0,66.0,0.0,66.0,0.0,1
NODE:AISLE:x=3.680000:y=13.810000,node,1,1,3.0,0.0,3.0,0.0,3.0,0.0,1
NODE:AISLE:x=3.680000:y=6.310000,node,9,4,24.099999999994907,0.0,24.0,0.09999999999490683,24.099999999994907,0.0,1
NODE:AISLE:x=3.680000:y=7.510000,node,9,6,27.0,0.0,27.0,0.0,27.0,0.0,1
NODE:AISLE:x=3.680000:y=8.410000,node,15,5,44.999999999999986,0.0,44.999999999999986,0.0,44.999999999999986,0.0,1
NODE:AISLE:x=3.680000:y=9.310000,node,9,4,26.566666666666436,0.0,21.0,5.5666666666664355,21.0,5.5666666666664355,2
NODE:AISLE:x=4.030000:y=11.110000,node,1,1,0.433333333332655,0.0,0.0,0.433333333332655,0.433333333332655,0.0,1
NODE:AISLE:x=4.340000:y=10.210000,node,1,1,2.999999999999943,0.0,2.999999999999943,0.0,2.999999999999943,0.0,1
NODE:AISLE:x=4.340000:y=11.110000,node,36,4,103.08333333334849,0.0,84.0,19.08333333334849,84.06666666667297,19.01666666667552,2
NODE:AISLE:x=4.340000:y=12.010000,node,17,6,51.0,0.0,51.0,0.0,51.0,0.0,1
NODE:AISLE:x=4.340000:y=12.910000,node,12,5,36.0,0.0,36.0,0.0,36.0,0.0,1
NODE:AISLE:x=4.340000:y=13.810000,node,12,5,36.0,0.0,36.0,0.0,36.0,0.0,1
NODE:AISLE:x=4.340000:y=14.710000,node,1,1,3.0,0.0,3.0,0.0,3.0,0.0,1
NODE:AISLE:x=4.340000:y=7.510000,node,10,4,30.0,0.0,30.0,0.0,30.0,0.0,1
NODE:AISLE:x=4.340000:y=8.410000,node,23,6,68.25,0.0,66.0,2.25,66.0,2.25,2
NODE:AISLE:x=4.340000:y=9.310000,node,16,5,48.0,0.0,48.0,0.0,48.0,0.0,1
NODE:AISLE:x=4.500000:y=10.210000,node,3,2,9.0,0.0,9.0,0.0,9.0,0.0,1
NODE:AISLE:x=4.500000:y=11.110000,node,29,5,84.13333333333321,0.0,84.0,0.13333333333321207,84.13333333333321,0.0,1
NODE:AISLE:x=4.500000:y=12.010000,node,8,3,24.0,0.0,24.0,0.0,24.0,0.0,1
NODE:AISLE:x=4.500000:y=12.910000,node,5,2,15.0,0.0,15.0,0.0,15.0,0.0,1
NODE:AISLE:x=4.500000:y=13.810000,node,3,2,9.0,0.0,9.0,0.0,9.0,0.0,1
NODE:AISLE:x=4.500000:y=8.410000,node,11,4,31.76666666666756,0.0,30.0,1.766666666667561,30.0,1.766666666667561,2
NODE:AISLE:x=4.500000:y=9.310000,node,12,3,36.0,0.0,36.0,0.0,36.0,0.0,1
NODE:AISLE:x=4.660000:y=10.210000,node,5,3,15.0,0.0,15.0,0.0,15.0,0.0,1
NODE:AISLE:x=4.660000:y=11.110000,node,31,4,90.01666666666642,0.0,90.0,0.016666666666424135,90.01666666666642,0.0,1
NODE:AISLE:x=4.660000:y=12.010000,node,26,4,78.0,0.0,78.0,0.0,78.0,0.0,1
NODE:AISLE:x=4.660000:y=13.810000,node,7,5,21.000000000000014,0.0,21.000000000000014,0.0,21.000000000000014,0.0,1
NODE:AISLE:x=4.660000:y=7.510000,node,6,5,18.0,0.0,18.0,0.0,18.0,0.0,1
NODE:AISLE:x=4.660000:y=8.410000,node,4,3,12.0,0.0,12.0,0.0,12.0,0.0,1
NODE:AISLE:x=4.840000:y=10.210000,node,1,1,3.0,0.0,3.0,0.0,3.0,0.0,1
NODE:AISLE:x=4.840000:y=11.110000,node,23,4,68.51666666666665,0.0,63.0,5.5166666666666515,63.0,5.5166666666666515,2
NODE:AISLE:x=4.840000:y=12.910000,node,4,2,12.0,0.0,12.0,0.0,12.0,0.0,1
NODE:AISLE:x=4.840000:y=14.710000,node,1,1,3.0,0.0,3.0,0.0,3.0,0.0,1
NODE:AISLE:x=4.840000:y=7.510000,node,8,4,24.0,0.0,24.0,0.0,24.0,0.0,1
NODE:AISLE:x=4.840000:y=8.410000,node,9,5,27.0,0.0,27.0,0.0,27.0,0.0,1
NODE:AISLE:x=4.840000:y=9.310000,node,1,1,3.0,0.0,3.0,0.0,3.0,0.0,1
NODE:AISLE:x=5.000000:y=11.110000,node,4,2,12.0,0.0,12.0,0.0,12.0,0.0,1
NODE:AISLE:x=5.000000:y=12.010000,node,2,2,6.0,0.0,6.0,0.0,6.0,0.0,1
NODE:AISLE:x=5.000000:y=13.810000,node,4,3,10.80000000000041,0.0,9.0,1.8000000000004093,9.0,1.8000000000004093,2
NODE:AISLE:x=5.000000:y=7.510000,node,11,4,30.099999999994964,0.0,30.000000000000057,0.09999999999490683,30.000000000000057,0.09999999999490683,2
NODE:AISLE:x=5.000000:y=8.410000,node,15,5,45.0,0.0,45.0,0.0,45.0,0.0,1
NODE:AISLE:x=5.160000:y=11.110000,node,13,5,39.0,0.0,39.0,0.0,39.0,0.0,1
NODE:AISLE:x=5.160000:y=12.010000,node,2,2,6.0,0.0,6.0,0.0,6.0,0.0,1
NODE:AISLE:x=5.160000:y=13.810000,node,1,1,3.0,0.0,3.0,0.0,3.0,0.0,1
NODE:AISLE:x=5.160000:y=7.510000,node,9,3,27.0,0.0,27.0,0.0,27.0,0.0,1
NODE:AISLE:x=5.340000:y=10.210000,node,2,1,6.0,0.0,6.0,0.0,6.0,0.0,1
NODE:AISLE:x=5.340000:y=11.110000,node,15,4,42.11666666666622,0.0,42.0,0.1166666666662195,42.11666666666622,0.0,1
NODE:AISLE:x=5.340000:y=12.910000,node,2,1,6.0,0.0,6.0,0.0,6.0,0.0,1
NODE:AISLE:x=5.340000:y=6.310000,node,12,3,36.0,0.0,36.0,0.0,36.0,0.0,1
NODE:AISLE:x=5.340000:y=7.510000,node,11,3,33.0,0.0,33.0,0.0,33.0,0.0,1
NODE:AISLE:x=5.340000:y=8.410000,node,4,3,12.0,0.0,12.0,0.0,12.0,0.0,1
NODE:AISLE:x=5.340000:y=9.310000,node,1,1,3.0,0.0,3.0,0.0,3.0,0.0,1
NODE:AISLE:x=5.500000:y=11.110000,node,17,5,51.0,0.0,51.0,0.0,51.0,0.0,1
NODE:AISLE:x=5.500000:y=12.010000,node,3,1,9.0,0.0,9.0,0.0,9.0,0.0,1
NODE:AISLE:x=5.500000:y=12.910000,node,4,2,12.0,0.0,12.0,0.0,12.0,0.0,1
NODE:AISLE:x=5.500000:y=6.310000,node,5,1,15.0,0.0,15.0,0.0,15.0,0.0,1
NODE:AISLE:x=5.500000:y=9.310000,node,2,2,6.0,0.0,6.0,0.0,6.0,0.0,1
NODE:AISLE:x=5.660000:y=10.210000,node,4,3,12.0,0.0,12.0,0.0,12.0,0.0,1
NODE:AISLE:x=5.660000:y=11.110000,node,14,5,39.01666666666665,0.0,39.0,0.01666666666665151,39.01666666666665,0.0,1
NODE:AISLE:x=5.660000:y=12.910000,node,5,2,15.0,0.0,15.0,0.0,15.0,0.0,1
NODE:AISLE:x=5.660000:y=13.810000,node,3,2,9.0,0.0,9.0,0.0,9.0,0.0,1
NODE:AISLE:x=5.660000:y=6.310000,node,5,1,15.0,0.0,15.0,0.0,15.0,0.0,1
NODE:AISLE:x=5.660000:y=7.510000,node,10,3,30.0,0.0,30.0,0.0,30.0,0.0,1
NODE:AISLE:x=5.660000:y=8.410000,node,3,3,9.0,0.0,9.0,0.0,9.0,0.0,1
NODE:AISLE:x=5.840000:y=10.210000,node,8,3,24.0,0.0,24.0,0.0,24.0,0.0,1
NODE:AISLE:x=5.840000:y=11.110000,node,30,7,87.80000000000001,0.0,87.0,0.8000000000000185,87.0,0.8000000000000185,2
NODE:AISLE:x=5.840000:y=12.910000,node,5,1,15.0,0.0,15.0,0.0,15.0,0.0,1
NODE:AISLE:x=5.840000:y=13.810000,node,2,2,6.0,0.0,6.0,0.0,6.0,0.0,1
NODE:AISLE:x=5.840000:y=6.310000,node,7,2,21.0,0.0,21.0,0.0,21.0,0.0,1
NODE:AISLE:x=5.840000:y=8.410000,node,21,5,63.0,0.0,63.0,0.0,63.0,0.0,1
NODE:AISLE:x=6.000000:y=10.210000,node,1,1,3.0,0.0,3.0,0.0,3.0,0.0,1
NODE:AISLE:x=6.000000:y=11.110000,node,34,7,102.0,0.0,102.0,0.0,102.0,0.0,1
NODE:AISLE:x=6.000000:y=12.910000,node,1,1,3.0,0.0,3.0,0.0,3.0,0.0,1
NODE:AISLE:x=6.000000:y=13.810000,node,3,1,9.0,0.0,9.0,0.0,9.0,0.0,1
NODE:AISLE:x=6.000000:y=14.710000,node,2,1,6.0,0.0,6.0,0.0,6.0,0.0,1
NODE:AISLE:x=6.000000:y=6.310000,node,1,1,3.0,0.0,3.0,0.0,3.0,0.0,1
NODE:AISLE:x=6.000000:y=7.510000,node,8,3,24.0,0.0,24.0,0.0,24.0,0.0,1
NODE:AISLE:x=6.000000:y=8.410000,node,16,6,48.0,0.0,48.0,0.0,48.0,0.0,1
NODE:AISLE:x=6.000000:y=9.310000,node,1,1,3.0,0.0,3.0,0.0,3.0,0.0,1
NODE:AISLE:x=6.160000:y=10.210000,node,2,2,6.0,0.0,6.0,0.0,6.0,0.0,1
NODE:AISLE:x=6.160000:y=11.110000,node,46,7,138.0,0.0,138.0,0.0,138.0,0.0,1
NODE:AISLE:x=6.160000:y=12.010000,node,4,2,12.0,0.0,12.0,0.0,12.0,0.0,1
NODE:AISLE:x=6.160000:y=12.910000,node,6,2,18.0,0.0,18.0,0.0,18.0,0.0,1
NODE:AISLE:x=6.160000:y=13.810000,node,2,2,6.0,0.0,6.0,0.0,6.0,0.0,1
NODE:AISLE:x=6.160000:y=14.710000,node,1,1,3.0,0.0,3.0,0.0,3.0,0.0,1
NODE:AISLE:x=6.160000:y=7.510000,node,3,2,9.0,0.0,9.0,0.0,9.0,0.0,1
NODE:AISLE:x=6.160000:y=8.410000,node,14,3,42.0,0.0,42.0,0.0,42.0,0.0,1
NODE:AISLE:x=6.160000:y=9.310000,node,3,2,9.0,0.0,9.0,0.0,9.0,0.0,1
NODE:AISLE:x=6.340000:y=10.210000,node,1,1,3.0,0.0,3.0,0.0,3.0,0.0,1
NODE:AISLE:x=6.340000:y=11.110000,node,35,6,102.01666666666665,0.0,90.0,12.016666666666652,90.09999999999957,11.916666666667084,2
NODE:AISLE:x=6.340000:y=12.010000,node,5,1,15.0,0.0,15.0,0.0,15.0,0.0,1
NODE:AISLE:x=6.340000:y=12.910000,node,1,1,3.0,0.0,3.0,0.0,3.0,0.0,1
NODE:AISLE:x=6.340000:y=6.310000,node,10,1,30.0,0.0,30.0,0.0,30.0,0.0,1
NODE:AISLE:x=6.340000:y=7.510000,node,8,3,24.0,0.0,24.0,0.0,24.0,0.0,1
NODE:AISLE:x=6.340000:y=8.410000,node,5,3,15.0,0.0,15.0,0.0,15.0,0.0,1
NODE:AISLE:x=6.340000:y=9.310000,node,2,2,6.0,0.0,6.0,0.0,6.0,0.0,1
NODE:AISLE:x=6.500000:y=10.210000,node,1,1,3.0,0.0,3.0,0.0,3.0,0.0,1
NODE:AISLE:x=6.500000:y=11.110000,node,51,7,152.1333333333314,0.0,150.0,2.133333333331393,150.0,2.133333333331393,2
NODE:AISLE:x=6.500000:y=12.010000,node,3,2,9.0,0.0,9.0,0.0,9.0,0.0,1
NODE:AISLE:x=6.500000:y=13.810000,node,3,2,9.0,0.0,9.0,0.0,9.0,0.0,1
NODE:AISLE:x=6.500000:y=6.310000,node,4,1,12.0,0.0,12.0,0.0,12.0,0.0,1
NODE:AISLE:x=6.500000:y=7.510000,node,14,6,42.0,0.0,42.0,0.0,42.0,0.0,1
NODE:AISLE:x=6.500000:y=8.410000,node,5,3,15.0,0.0,15.0,0.0,15.0,0.0,1
NODE:AISLE:x=6.660000:y=10.210000,node,3,3,9.0,0.0,9.0,0.0,9.0,0.0,1
NODE:AISLE:x=6.660000:y=11.110000,node,33,6,97.41666666666683,0.0,90.0,7.416666666666828,90.0,7.416666666666828,2
NODE:AISLE:x=6.660000:y=12.010000,node,1,1,3.0,0.0,3.0,0.0,3.0,0.0,1
NODE:AISLE:x=6.660000:y=6.310000,node,1,1,3.0,0.0,3.0,0.0,3.0,0.0,1
NODE:AISLE:x=6.660000:y=7.510000,node,14,4,42.0,0.0,42.0,0.0,42.0,0.0,1
NODE:AISLE:x=6.660000:y=8.410000,node,1,1,3.0,0.0,3.0,0.0,3.0,0.0,1
NODE:AISLE:x=6.660000:y=9.310000,node,1,1,3.0,0.0,3.0,0.0,3.0,0.0,1
NODE:SUP:CC-01,node,12,7,21.0,0.0,0.0,21.0,9.0,5.25,5
NODE:SUP:CC-02,node,5,4,2.2333333333663177,0.0,0.0,2.2333333333663177,2.2333333333663177,0.0,1
NODE:SUP:CC-03,node,7,4,2.833333333337549,0.0,0.0,2.833333333337549,2.833333333337549,0.0,1
NODE:SUP:CC-04,node,3,2,1.4166666666707215,0.0,0.0,1.4166666666707215,1.4166666666707215,0.0,1
NODE:SUP:CC-05,node,6,4,2.316666666671381,0.0,0.0,2.316666666671381,2.316666666671381,0.0,1
NODE:SUP:CC-06,node,4,3,1.2500000000152625,0.0,0.0,1.2500000000152625,1.2500000000152625,0.0,1
NODE:SUP:CC-07,node,17,7,9.599999999992662,0.0,0.0,9.599999999992662,9.349999999992662,0.25,2
NODE:SUP:CC-08,node,5,5,1.5000000000080718,0.0,0.0,1.5000000000080718,1.5000000000080718,0.0,1
NODE:SUP:CC-09,node,10,7,3.733333333340994,0.0,0.0,3.733333333340994,3.733333333340994,0.0,1
NODE:SUP:CC-10,node,10,6,3.4000000000003467,0.0,0.0,3.4000000000003467,3.4000000000003467,0.0,1
NODE:SUP:CC-11,node,8,5,2.7333333333283463,0.0,0.0,2.7333333333283463,2.7333333333283463,0.0,1
NODE:SUP:CC-12,node,5,4,1.6833333333320013,0.0,0.0,1.6833333333320013,1.6833333333320013,0.0,1
NODE:SUP:CC-13,node,2,2,0.8000000000004661,0.0,0.0,0.8000000000004661,0.8000000000004661,0.0,1
NODE:SUP:CC-14,node,5,3,1.5166666666673194,0.0,0.0,1.5166666666673194,1.5166666666673194,0.0,1
NODE:SUP:CC-15,node,3,3,1.3333333333340533,0.0,0.0,1.3333333333340533,1.3333333333340533,0.0,1
NODE:SUP:LC-11,node,1,1,0.38333333333342523,0.0,0.0,0.38333333333342523,0.38333333333342523,0.0,1
NODE:SUP:LC-13,node,1,1,0.016666666666722563,0.0,0.0,0.016666666666722563,0.016666666666722563,0.0,1
NODE:SUP:RC-10,node,1,1,0.6333333333341784,0.0,0.0,0.6333333333341784,0.6333333333341784,0.0,1
