method,resource_kind,resource_id,conflicts,affected_workers,total_wait_seconds,mean_wait_seconds,max_wait_seconds,entropy_weight,allocation_id
entropy_based,edge,AISLE:x=10.236200:y=21.361400<->AISLE:x=9.347200:y=21.361400,2,2,0.8270000000211439,0.41350000001057197,0.42483333335439966,0.0,A001
entropy_based,edge,AISLE:x=10.236200:y=25.933400<->AISLE:x=9.347200:y=25.933400,4,3,0.9566666666542005,0.23916666666355013,0.5813333333244373,0.0,A001
entropy_based,edge,AISLE:x=10.236200:y=28.219400<->AISLE:x=9.347200:y=28.219400,2,2,0.8213333333390551,0.41066666666952756,0.5249999999999204,0.0,A001
entropy_based,edge,AISLE:x=10.236200:y=30.505400<->AISLE:x=9.347200:y=30.505400,3,3,1.3251666666898245,0.4417222222299415,0.697333333333404,0.0,A001
entropy_based,edge,AISLE:x=10.236200:y=32.791400<->AISLE:x=9.347200:y=32.791400,2,2,0.41766666665444063,0.20883333332722032,0.25966666666590754,0.0,A001
entropy_based,edge,AISLE:x=11.023600:y=16.027400<->SUP:CC-08,1,1,0.6561666666666666,0.6561666666666666,0.6561666666666666,0.0,A001
entropy_based,edge,AISLE:x=11.023600:y=19.075400<->SUP:CC-09,1,1,0.31750000000101863,0.31750000000101863,0.31750000000101863,0.0,A001
entropy_based,edge,AISLE:x=11.023600:y=21.361400<->SUP:CC-10,4,3,1.6649999999999636,0.4162499999999909,0.5023333333338087,0.0,A001
entropy_based,edge,AISLE:x=11.023600:y=28.219400<->AISLE:x=11.430000:y=28.219400,1,1,0.307666666660225,0.307666666660225,0.307666666660225,0.0,A001
entropy_based,edge,AISLE:x=11.023600:y=28.219400<->SUP:CC-13,2,1,0.48533333333034534,0.24266666666517267,0.2751666666681558,0.0,A001
entropy_based,edge,AISLE:x=11.023600:y=30.505400<->AISLE:x=11.430000:y=30.505400,1,1,0.09600000002319575,0.09600000002319575,0.09600000002319575,0.0,A001
entropy_based,edge,AISLE:x=11.023600:y=30.505400<->SUP:CC-14,1,1,0.474000000011074,0.474000000011074,0.474000000011074,0.0,A001
entropy_based,edge,AISLE:x=11.430000:y=19.075400<->AISLE:x=11.836400:y=19.075400,2,2,0.26833333333263454,0.13416666666631727,0.23166666666577385,0.0,A001
entropy_based,edge,AISLE:x=11.430000:y=28.219400<->AISLE:x=11.836400:y=28.219400,1,1,0.07333333332098846,0.07333333332098846,0.07333333332098846,0.0,A001
entropy_based,edge,AISLE:x=11.430000:y=30.505400<->AISLE:x=11.836400:y=30.505400,1,1,0.17799999999999727,0.17799999999999727,0.17799999999999727,0.0,A001
entropy_based,edge,AISLE:x=11.836400:y=19.075400<->AISLE:x=12.293600:y=19.075400,1,1,0.06766666666953824,0.06766666666953824,0.06766666666953824,0.0,A001
entropy_based,edge,AISLE:x=11.836400:y=28.219400<->AISLE:x=12.293600:y=28.219400,2,2,0.6119999999956462,0.3059999999978231,0.35833333333368955,0.0,A001
entropy_based,edge,AISLE:x=12.293600:y=19.075400<->AISLE:x=12.700000:y=19.075400,1,1,0.2343333333337796,0.2343333333337796,0.2343333333337796,0.0,A001
entropy_based,edge,AISLE:x=13.106400:y=25.933400<->AISLE:x=13.563600:y=25.933400,1,1,0.24000000000012278,0.24000000000012278,0.24000000000012278,0.0,A001
entropy_based,edge,AISLE:x=13.106400:y=28.219400<->AISLE:x=13.563600:y=28.219400,2,2,0.5023333333201663,0.25116666666008314,0.2679999999872962,0.0,A001
entropy_based,edge,AISLE:x=13.563600:y=21.361400<->AISLE:x=13.970000:y=21.361400,1,1,0.005666666666002129,0.005666666666002129,0.005666666666002129,0.0,A001
entropy_based,edge,AISLE:x=14.833600:y=28.219400<->AISLE:x=15.240000:y=28.219400,2,2,0.4305000000185828,0.2152500000092914,0.24416666668366815,0.0,A001
entropy_based,edge,AISLE:x=15.240000:y=19.075400<->AISLE:x=15.646400:y=19.075400,1,1,0.05366666666486708,0.05366666666486708,0.05366666666486708,0.0,A001
entropy_based,edge,AISLE:x=15.240000:y=28.219400<->AISLE:x=15.646400:y=28.219400,2,1,0.3670000000000897,0.18350000000004485,0.1863333333334367,0.0,A001
entropy_based,edge,AISLE:x=15.646400:y=28.219400<->AISLE:x=16.103600:y=28.219400,1,1,0.04233333333286282,0.04233333333286282,0.04233333333286282,0.0,A001
entropy_based,edge,AISLE:x=16.103600:y=28.219400<->AISLE:x=16.510000:y=28.219400,1,1,0.33866666666654055,0.33866666666654055,0.33866666666654055,0.0,A001
entropy_based,edge,AISLE:x=2.184400:y=23.647400<->SUP:LC-11,1,1,0.3836666666661017,0.3836666666661017,0.3836666666661017,0.0,A001
entropy_based,edge,AISLE:x=2.184400:y=28.219400<->AISLE:x=2.590800:y=28.219400,1,1,0.19200000000000728,0.19200000000000728,0.19200000000000728,0.0,A001
entropy_based,edge,AISLE:x=2.590800:y=21.361400<->AISLE:x=2.997200:y=21.361400,1,1,0.2426666666666506,0.2426666666666506,0.2426666666666506,0.0,A001
entropy_based,edge,AISLE:x=2.590800:y=35.077400<->AISLE:x=2.997200:y=35.077400,1,1,0.2793333333335113,0.2793333333335113,0.2793333333335113,0.0,A001
entropy_based,edge,AISLE:x=4.724400:y=23.647400<->AISLE:x=5.130800:y=23.647400,1,1,0.13833333333388964,0.13833333333388964,0.13833333333388964,0.0,A001
entropy_based,edge,AISLE:x=5.130800:y=19.075400<->AISLE:x=5.537200:y=19.075400,1,1,0.13266666666822857,0.13266666666822857,0.13266666666822857,0.0,A001
entropy_based,edge,AISLE:x=5.994400:y=23.647400<->AISLE:x=6.400800:y=23.647400,1,1,0.07899999999995089,0.07899999999995089,0.07899999999995089,0.0,A001
entropy_based,edge,AISLE:x=6.807200:y=21.361400<->AISLE:x=7.264400:y=21.361400,2,2,0.25733333333246833,0.12866666666623416,0.21766666666647438,0.0,A001
entropy_based,edge,AISLE:x=7.264400:y=21.361400<->AISLE:x=7.670800:y=21.361400,1,1,0.09599999999997522,0.09599999999997522,0.09599999999997522,0.0,A001
entropy_based,edge,AISLE:x=7.264400:y=23.647400<->AISLE:x=7.670800:y=23.647400,1,1,0.0056666666664568766,0.0056666666664568766,0.0056666666664568766,0.0,A001
entropy_based,edge,AISLE:x=7.670800:y=21.361400<->AISLE:x=8.077200:y=21.361400,1,1,0.3386666666556266,0.3386666666556266,0.3386666666556266,0.0,A001
entropy_based,edge,AISLE:x=7.670800:y=25.933400<->AISLE:x=8.077200:y=25.933400,1,1,0.27666666666118545,0.27666666666118545,0.27666666666118545,0.0,A001
entropy_based,edge,AISLE:x=8.077200:y=16.027400<->AISLE:x=8.534400:y=16.027400,1,1,0.30200000000004934,0.30200000000004934,0.30200000000004934,0.0,A001
entropy_based,edge,AISLE:x=8.077200:y=21.361400<->AISLE:x=8.534400:y=21.361400,2,2,0.07066666666619881,0.035333333333099404,0.04233333333286282,0.0,A001
entropy_based,edge,AISLE:x=8.534400:y=21.361400<->AISLE:x=8.940800:y=21.361400,3,3,0.6943333333910005,0.23144444446366683,0.27666666669574624,0.0,A001
entropy_based,edge,AISLE:x=8.940800:y=23.647400<->AISLE:x=9.347200:y=23.647400,1,1,0.14400000000023283,0.14400000000023283,0.14400000000023283,0.0,A001
entropy_based,edge,AISLE:x=8.940800:y=25.933400<->AISLE:x=9.347200:y=25.933400,1,1,0.050666666680626804,0.050666666680626804,0.050666666680626804,0.0,A001
entropy_based,edge,SUP:CC-08<->SUP:CC-09,49,8,179.44266666676822,3.6620952380973106,17.780000000006112,0.0,A001
entropy_based,edge,SUP:CC-09<->SUP:CC-10,25,8,24.01933333334813,0.9607733333339251,1.6313333333364426,0.0,A001
entropy_based,edge,SUP:CC-10<->SUP:CC-11,31,8,32.4401666667201,1.0464569892490356,3.1806666666667525,0.0,A001
entropy_based,edge,SUP:CC-11<->SUP:CC-12,17,7,17.10633333331822,1.0062549019598952,2.4949999999996635,0.0,A001
entropy_based,edge,SUP:CC-12<->SUP:CC-13,28,8,31.159166666699218,1.1128273809535434,2.2943333333350893,0.0,A001
entropy_based,edge,SUP:CC-13<->SUP:CC-14,10,5,6.886333333336964,0.6886333333336964,1.4986666666666508,0.0,A001
entropy_based,edge,SUP:CC-14<->SUP:CC-15,8,5,7.523666666666358,0.9404583333332948,1.7526666666667552,0.0,A001
entropy_based,edge,SUP:CC-15<->SUP:CC-16,3,3,3.1016666666669153,1.0338888888889717,1.7583333333333258,0.0,A001
entropy_based,edge,SUP:LC-09<->SUP:LC-10,1,1,0.931333333337534,0.931333333337534,0.931333333337534,0.0,A001
entropy_based,edge,SUP:LC-11<->SUP:LC-12,3,3,3.69850000001108,1.2328333333370267,1.4914999999999736,0.0,A001
entropy_based,pick_node,AISLE:x=11.023600:y=21.361400,1,1,1.0949999999993452,1.0949999999993452,1.0949999999993452,0.0,A001
entropy_based,pick_node,AISLE:x=11.023600:y=23.647400,2,2,5.00100000000009,2.500500000000045,3.0,0.0,A001
entropy_based,pick_node,AISLE:x=11.023600:y=28.219400,12,2,34.44766666666328,2.8706388888886067,3.0,0.0,A001
entropy_based,pick_node,AISLE:x=11.430000:y=28.219400,6,2,17.271999999986292,2.878666666664382,3.0,0.0,A001
entropy_based,pick_node,AISLE:x=11.836400:y=28.219400,1,1,1.7189999999864085,1.7189999999864085,1.7189999999864085,0.0,A001
entropy_based,pick_node,AISLE:x=11.836400:y=30.505400,6,2,16.7976666666668,2.7996111111111333,3.0000000000000284,0.0,A001
entropy_based,pick_node,AISLE:x=13.563600:y=19.075400,1,1,1.0299999999951979,1.0299999999951979,1.0299999999951979,0.0,A001
entropy_based,pick_node,AISLE:x=15.240000:y=28.219400,1,1,1.7326666666485835,1.7326666666485835,1.7326666666485835,0.0,A001
entropy_based,pick_node,AISLE:x=16.510000:y=28.219400,13,5,41.22099999999875,3.1708461538460577,6.0,0.0,A001
entropy_based,pick_node,AISLE:x=16.916400:y=28.219400,2,2,2.7599999999911233,1.3799999999955617,2.373333333318442,0.0,A001
entropy_based,pick_node,AISLE:x=2.590800:y=23.647400,3,2,7.102166666663834,2.3673888888879446,3.0,0.0,A001
entropy_based,pick_node,AISLE:x=5.994400:y=23.647400,2,2,4.4789999999998145,2.2394999999999072,3.0,0.0,A001
entropy_based,pick_node,AISLE:x=7.264400:y=25.933400,10,3,25.00616666665519,2.500616666665519,3.0,0.0,A001
entropy_based,pick_node,AISLE:x=7.670800:y=21.361400,2,2,4.095000000000027,2.0475000000000136,3.0,0.0,A001
entropy_based,pick_node,AISLE:x=7.670800:y=25.933400,4,2,10.41966666667031,2.6049166666675774,3.0,0.0,A001
entropy_based,pick_node,AISLE:x=7.670800:y=35.077400,2,2,3.0113333333328,1.5056666666664,3.0,0.0,A001
entropy_based,pick_node,AISLE:x=8.077200:y=21.361400,1,1,1.7666666666666515,1.7666666666666515,1.7666666666666515,0.0,A001
entropy_based,pick_node,AISLE:x=8.534400:y=30.505400,2,2,5.683666666666454,2.841833333333227,3.0,0.0,A001
entropy_based,pick_node,AISLE:x=9.347200:y=21.361400,1,1,1.0950000000000273,1.0950000000000273,1.0950000000000273,0.0,A001
entropy_based,pick_node,AISLE:x=9.347200:y=30.505400,2,2,5.259166666666658,2.629583333333329,3.0,0.0,A001
