cell_id,cell_type,interval_count,unique_workers,worker_seconds,move_worker_seconds,pick_worker_seconds,wait_worker_seconds,occupied_seconds,congested_seconds,max_concurrent_workers,entropy_weight,allocation_id
EDGE:AISLE:x=10.236200:y=16.027400<->AISLE:x=9.347200:y=16.027400,edge,38,8,28.15166666666586,28.15166666666586,0.0,0.0,28.15166666666586,0.0,1,0.0,A001
EDGE:AISLE:x=10.236200:y=19.075400<->AISLE:x=9.347200:y=19.075400,edge,36,8,26.669999999998765,26.669999999998765,0.0,0.0,26.669999999998765,0.0,1,0.0,A001
EDGE:AISLE:x=10.236200:y=21.361400<->AISLE:x=9.347200:y=21.361400,edge,85,8,62.970833333330866,62.970833333330866,0.0,0.0,62.970833333330866,0.0,1,0.0,A001
EDGE:AISLE:x=10.236200:y=23.647400<->AISLE:x=9.347200:y=23.647400,edge,68,8,50.37666666666453,50.37666666666453,0.0,0.0,50.37666666666453,0.0,1,0.0,A001
EDGE:AISLE:x=10.236200:y=25.933400<->AISLE:x=9.347200:y=25.933400,edge,88,8,65.19333333333012,65.19333333333012,0.0,0.0,65.19333333333012,0.0,1,0.0,A001
EDGE:AISLE:x=10.236200:y=28.219400<->AISLE:x=9.347200:y=28.219400,edge,57,8,42.227499999998315,42.227499999998315,0.0,0.0,42.227499999998315,0.0,1,0.0,A001
EDGE:AISLE:x=10.236200:y=30.505400<->AISLE:x=9.347200:y=30.505400,edge,80,8,59.26666666666435,59.26666666666435,0.0,0.0,59.26666666666435,0.0,1,0.0,A001
EDGE:AISLE:x=10.236200:y=32.791400<->AISLE:x=9.347200:y=32.791400,edge,73,8,54.08083333333091,54.08083333333091,0.0,0.0,54.08083333333091,0.0,1,0.0,A001
EDGE:AISLE:x=10.236200:y=32.791400<->SUP:CC-15,edge,1,1,7.105427357601002e-15,7.105427357601002e-15,0.0,0.0,7.105427357601002e-15,0.0,1,0.0,A001
EDGE:AISLE:x=10.236200:y=35.077400<->AISLE:x=9.347200:y=35.077400,edge,49,8,36.30083333333181,36.30083333333181,0.0,0.0,36.30083333333181,0.0,1,0.0,A001
EDGE:AISLE:x=10.236200:y=37.363400<->AISLE:x=9.347200:y=37.363400,edge,2,1,1.4816666666665697,1.4816666666665697,0.0,0.0,1.4816666666665697,0.0,1,0.0,A001
EDGE:AISLE:x=11.023600:y=16.027400<->AISLE:x=11.430000:y=16.027400,edge,14,5,4.741333333333026,4.741333333333026,0.0,0.0,4.741333333333026,0.0,1,0.0,A001
EDGE:AISLE:x=11.023600:y=16.027400<->SUP:CC-08,edge,14,5,9.186333333335106,9.186333333335106,0.0,0.0,9.186333333335106,0.0,1,0.0,A001
EDGE:AISLE:x=11.023600:y=19.075400<->AISLE:x=11.430000:y=19.075400,edge,53,8,17.949333333328468,17.949333333328468,0.0,0.0,17.949333333328468,0.0,1,0.0,A001
EDGE:AISLE:x=11.023600:y=19.075400<->SUP:CC-09,edge,63,8,41.33850000003997,41.33850000003997,0.0,0.0,41.33850000003997,0.0,1,0.0,A001
EDGE:AISLE:x=11.023600:y=21.361400<->AISLE:x=11.430000:y=21.361400,edge,66,8,22.3519999999951,22.3519999999951,0.0,0.0,22.3519999999951,0.0,1,0.0,A001
EDGE:AISLE:x=11.023600:y=21.361400<->SUP:CC-10,edge,90,8,59.055000000038646,59.055000000038646,0.0,0.0,59.055000000038646,0.0,1,0.0,A001
EDGE:AISLE:x=11.023600:y=23.647400<->AISLE:x=11.430000:y=23.647400,edge,20,8,6.773333333331948,6.773333333331948,0.0,0.0,6.773333333331948,0.0,1,0.0,A001
EDGE:AISLE:x=11.023600:y=23.647400<->SUP:CC-11,edge,32,8,20.997333333341913,20.997333333341913,0.0,0.0,20.997333333341913,0.0,1,0.0,A001
EDGE:AISLE:x=11.023600:y=25.933400<->AISLE:x=11.430000:y=25.933400,edge,23,8,7.789333333331797,7.789333333331797,0.0,0.0,7.789333333331797,0.0,1,0.0,A001
EDGE:AISLE:x=11.023600:y=25.933400<->SUP:CC-12,edge,23,8,15.091833333343004,15.091833333343004,0.0,0.0,15.091833333343004,0.0,1,0.0,A001
EDGE:AISLE:x=11.023600:y=28.219400<->AISLE:x=11.430000:y=28.219400,edge,111,8,37.59199999999262,37.59199999999262,0.0,0.0,37.59199999999262,0.0,1,0.0,A001
EDGE:AISLE:x=11.023600:y=28.219400<->SUP:CC-13,edge,113,8,74.14683333338624,74.14683333338624,0.0,0.0,74.14683333338624,0.0,1,0.0,A001
EDGE:AISLE:x=11.023600:y=30.505400<->AISLE:x=11.430000:y=30.505400,edge,36,7,12.19199999999838,12.19199999999838,0.0,0.0,12.19199999999838,0.0,1,0.0,A001
EDGE:AISLE:x=11.023600:y=30.505400<->SUP:CC-14,edge,52,8,34.12066666668702,34.12066666668702,0.0,0.0,34.12066666668702,0.0,1,0.0,A001
EDGE:AISLE:x=11.023600:y=32.791400<->AISLE:x=11.430000:y=32.791400,edge,33,8,11.175999999998837,11.175999999998837,0.0,0.0,11.175999999998837,0.0,1,0.0,A001
EDGE:AISLE:x=11.023600:y=32.791400<->SUP:CC-15,edge,47,8,30.83983333334453,30.83983333334453,0.0,0.0,30.83983333334453,0.0,1,0.0,A001
EDGE:AISLE:x=11.023600:y=35.077400<->AISLE:x=11.430000:y=35.077400,edge,29,8,9.821333333331864,9.821333333331864,0.0,0.0,9.821333333331864,0.0,1,0.0,A001
EDGE:AISLE:x=11.023600:y=35.077400<->SUP:CC-16,edge,45,8,29.52750000000851,29.52750000000851,0.0,0.0,29.52750000000851,0.0,1,0.0,A001
EDGE:AISLE:x=11.023600:y=37.363400<->AISLE:x=11.430000:y=37.363400,edge,3,3,1.0159999999997353,1.0159999999997353,0.0,0.0,1.0159999999997353,0.0,1,0.0,A001
EDGE:AISLE:x=11.023600:y=37.363400<->SUP:CC-17,edge,5,4,3.280833333335096,3.280833333335096,0.0,0.0,3.280833333335096,0.0,1,0.0,A001
EDGE:AISLE:x=11.430000:y=16.027400<->AISLE:x=11.836400:y=16.027400,edge,14,5,4.741333333333026,4.741333333333026,0.0,0.0,4.741333333333026,0.0,1,0.0,A001
EDGE:AISLE:x=11.430000:y=19.075400<->AISLE:x=11.836400:y=19.075400,edge,53,8,17.949333333328468,17.949333333328468,0.0,0.0,17.949333333328468,0.0,1,0.0,A001
EDGE:AISLE:x=11.430000:y=21.361400<->AISLE:x=11.836400:y=21.361400,edge,60,8,20.319999999995176,20.319999999995176,0.0,0.0,20.319999999995176,0.0,1,0.0,A001
EDGE:AISLE:x=11.430000:y=23.647400<->AISLE:x=11.836400:y=23.647400,edge,14,5,4.7413333333320224,4.7413333333320224,0.0,0.0,4.7413333333320224,0.0,1,0.0,A001
EDGE:AISLE:x=11.430000:y=25.933400<->AISLE:x=11.836400:y=25.933400,edge,21,8,7.111999999998716,7.111999999998716,0.0,0.0,7.111999999998716,0.0,1,0.0,A001
EDGE:AISLE:x=11.430000:y=28.219400<->AISLE:x=11.836400:y=28.219400,edge,107,8,36.23733333332595,36.23733333332595,0.0,0.0,36.23733333332595,0.0,1,0.0,A001
EDGE:AISLE:x=11.430000:y=30.505400<->AISLE:x=11.836400:y=30.505400,edge,36,7,12.19199999999838,12.19199999999838,0.0,0.0,12.19199999999838,0.0,1,0.0,A001
EDGE:AISLE:x=11.430000:y=32.791400<->AISLE:x=11.836400:y=32.791400,edge,29,8,9.82133333333222,9.82133333333222,0.0,0.0,9.82133333333222,0.0,1,0.0,A001
EDGE:AISLE:x=11.430000:y=35.077400<->AISLE:x=11.836400:y=35.077400,edge,29,8,9.821333333332092,9.821333333332092,0.0,0.0,9.821333333332092,0.0,1,0.0,A001
EDGE:AISLE:x=11.430000:y=37.363400<->AISLE:x=11.836400:y=37.363400,edge,3,3,1.0159999999997353,1.0159999999997353,0.0,0.0,1.0159999999997353,0.0,1,0.0,A001
EDGE:AISLE:x=11.836400:y=16.027400<->AISLE:x=12.293600:y=16.027400,edge,14,5,5.333999999998753,5.333999999998753,0.0,0.0,5.333999999998753,0.0,1,0.0,A001
EDGE:AISLE:x=11.836400:y=19.075400<->AISLE:x=12.293600:y=19.075400,edge,51,8,19.43099999997878,19.43099999997878,0.0,0.0,19.43099999997878,0.0,1,0.0,A001
EDGE:AISLE:x=11.836400:y=21.361400<->AISLE:x=12.293600:y=21.361400,edge,54,8,20.57399999997935,20.57399999997935,0.0,0.0,20.57399999997935,0.0,1,0.0,A001
EDGE:AISLE:x=11.836400:y=23.647400<->AISLE:x=12.293600:y=23.647400,edge,14,5,5.333999999993978,5.333999999993978,0.0,0.0,5.333999999993978,0.0,1,0.0,A001
EDGE:AISLE:x=11.836400:y=25.933400<->AISLE:x=12.293600:y=25.933400,edge,15,8,5.714999999995598,5.714999999995598,0.0,0.0,5.714999999995598,0.0,1,0.0,A001
EDGE:AISLE:x=11.836400:y=28.219400<->AISLE:x=12.293600:y=28.219400,edge,103,8,39.24299999996805,39.24299999996805,0.0,0.0,39.24299999996805,0.0,1,0.0,A001
EDGE:AISLE:x=11.836400:y=30.505400<->AISLE:x=12.293600:y=30.505400,edge,18,6,6.857999999996821,6.857999999996821,0.0,0.0,6.857999999996821,0.0,1,0.0,A001
EDGE:AISLE:x=11.836400:y=32.791400<->AISLE:x=12.293600:y=32.791400,edge,29,8,11.048999999994521,11.048999999994521,0.0,0.0,11.048999999994521,0.0,1,0.0,A001
EDGE:AISLE:x=11.836400:y=35.077400<->AISLE:x=12.293600:y=35.077400,edge,19,8,7.238999999997304,7.238999999997304,0.0,0.0,7.238999999997304,0.0,1,0.0,A001
EDGE:AISLE:x=11.836400:y=37.363400<->AISLE:x=12.293600:y=37.363400,edge,3,3,1.142999999998807,1.142999999998807,0.0,0.0,1.142999999998807,0.0,1,0.0,A001
EDGE:AISLE:x=12.293600:y=16.027400<->AISLE:x=12.700000:y=16.027400,edge,14,5,4.741333333333025,4.741333333333025,0.0,0.0,4.741333333333025,0.0,1,0.0,A001
EDGE:AISLE:x=12.293600:y=19.075400<->AISLE:x=12.700000:y=19.075400,edge,51,8,17.271999999995387,17.271999999995387,0.0,0.0,17.271999999995387,0.0,1,0.0,A001
EDGE:AISLE:x=12.293600:y=21.361400<->AISLE:x=12.700000:y=21.361400,edge,52,8,17.610666666662397,17.610666666662397,0.0,0.0,17.610666666662397,0.0,1,0.0,A001
EDGE:AISLE:x=12.293600:y=23.647400<->AISLE:x=12.700000:y=23.647400,edge,12,5,4.063999999998714,4.063999999998714,0.0,0.0,4.063999999998714,0.0,1,0.0,A001
EDGE:AISLE:x=12.293600:y=25.933400<->AISLE:x=12.700000:y=25.933400,edge,15,8,5.079999999999018,5.079999999999018,0.0,0.0,5.079999999999018,0.0,1,0.0,A001
EDGE:AISLE:x=12.293600:y=28.219400<->AISLE:x=12.700000:y=28.219400,edge,101,8,34.205333333326706,34.205333333326706,0.0,0.0,34.205333333326706,0.0,1,0.0,A001
EDGE:AISLE:x=12.293600:y=30.505400<->AISLE:x=12.700000:y=30.505400,edge,18,6,6.095999999999236,6.095999999999236,0.0,0.0,6.095999999999236,0.0,1,0.0,A001
EDGE:AISLE:x=12.293600:y=32.791400<->AISLE:x=12.700000:y=32.791400,edge,21,7,7.111999999999199,7.111999999999199,0.0,0.0,7.111999999999199,0.0,1,0.0,A001
EDGE:AISLE:x=12.293600:y=35.077400<->AISLE:x=12.700000:y=35.077400,edge,19,8,6.434666666665976,6.434666666665976,0.0,0.0,6.434666666665976,0.0,1,0.0,A001
EDGE:AISLE:x=12.293600:y=37.363400<->AISLE:x=12.700000:y=37.363400,edge,3,3,1.0159999999997353,1.0159999999997353,0.0,0.0,1.0159999999997353,0.0,1,0.0,A001
EDGE:AISLE:x=12.700000:y=16.027400<->AISLE:x=13.106400:y=16.027400,edge,14,5,4.741333333333025,4.741333333333025,0.0,0.0,4.741333333333025,0.0,1,0.0,A001
EDGE:AISLE:x=12.700000:y=19.075400<->AISLE:x=13.106400:y=19.075400,edge,47,8,15.917333333329225,15.917333333329225,0.0,0.0,15.917333333329225,0.0,1,0.0,A001
EDGE:AISLE:x=12.700000:y=21.361400<->AISLE:x=13.106400:y=21.361400,edge,40,8,13.546666666663455,13.546666666663455,0.0,0.0,13.546666666663455,0.0,1,0.0,A001
EDGE:AISLE:x=12.700000:y=23.647400<->AISLE:x=13.106400:y=23.647400,edge,12,5,4.063999999998714,4.063999999998714,0.0,0.0,4.063999999998714,0.0,1,0.0,A001
EDGE:AISLE:x=12.700000:y=25.933400<->AISLE:x=13.106400:y=25.933400,edge,15,8,5.079999999999018,5.079999999999018,0.0,0.0,5.079999999999018,0.0,1,0.0,A001
EDGE:AISLE:x=12.700000:y=28.219400<->AISLE:x=13.106400:y=28.219400,edge,99,8,33.527999999993625,33.527999999993625,0.0,0.0,33.527999999993625,0.0,1,0.0,A001
EDGE:AISLE:x=12.700000:y=30.505400<->AISLE:x=13.106400:y=30.505400,edge,16,6,5.418666666665928,5.418666666665928,0.0,0.0,5.418666666665928,0.0,1,0.0,A001
EDGE:AISLE:x=12.700000:y=32.791400<->AISLE:x=13.106400:y=32.791400,edge,21,7,7.111999999999199,7.111999999999199,0.0,0.0,7.111999999999199,0.0,1,0.0,A001
EDGE:AISLE:x=12.700000:y=35.077400<->AISLE:x=13.106400:y=35.077400,edge,15,7,5.079999999999359,5.079999999999359,0.0,0.0,5.079999999999359,0.0,1,0.0,A001
EDGE:AISLE:x=12.700000:y=37.363400<->AISLE:x=13.106400:y=37.363400,edge,3,3,1.0159999999997353,1.0159999999997353,0.0,0.0,1.0159999999997353,0.0,1,0.0,A001
EDGE:AISLE:x=13.106400:y=16.027400<->AISLE:x=13.563600:y=16.027400,edge,14,5,5.333999999998753,5.333999999998753,0.0,0.0,5.333999999998753,0.0,1,0.0,A001
EDGE:AISLE:x=13.106400:y=19.075400<->AISLE:x=13.563600:y=19.075400,edge,43,8,16.382999999982417,16.382999999982417,0.0,0.0,16.382999999982417,0.0,1,0.0,A001
EDGE:AISLE:x=13.106400:y=21.361400<->AISLE:x=13.563600:y=21.361400,edge,40,8,15.239999999985372,15.239999999985372,0.0,0.0,15.239999999985372,0.0,1,0.0,A001
EDGE:AISLE:x=13.106400:y=23.647400<->AISLE:x=13.563600:y=23.647400,edge,12,5,4.571999999993977,4.571999999993977,0.0,0.0,4.571999999993977,0.0,1,0.0,A001
EDGE:AISLE:x=13.106400:y=25.933400<->AISLE:x=13.563600:y=25.933400,edge,15,8,5.714999999995598,5.714999999995598,0.0,0.0,5.714999999995598,0.0,1,0.0,A001
EDGE:AISLE:x=13.106400:y=28.219400<->AISLE:x=13.563600:y=28.219400,edge,97,8,36.956999999970265,36.956999999970265,0.0,0.0,36.956999999970265,0.0,1,0.0,A001
EDGE:AISLE:x=13.106400:y=30.505400<->AISLE:x=13.563600:y=30.505400,edge,14,5,5.333999999998014,5.333999999998014,0.0,0.0,5.333999999998014,0.0,1,0.0,A001
EDGE:AISLE:x=13.106400:y=32.791400<->AISLE:x=13.563600:y=32.791400,edge,21,7,8.00099999999577,8.00099999999577,0.0,0.0,8.00099999999577,0.0,1,0.0,A001
EDGE:AISLE:x=13.106400:y=35.077400<->AISLE:x=13.563600:y=35.077400,edge,15,7,5.71499999999736,5.71499999999736,0.0,0.0,5.71499999999736,0.0,1,0.0,A001
EDGE:AISLE:x=13.106400:y=37.363400<->AISLE:x=13.563600:y=37.363400,edge,3,3,1.142999999998807,1.142999999998807,0.0,0.0,1.142999999998807,0.0,1,0.0,A001
EDGE:AISLE:x=13.563600:y=16.027400<->AISLE:x=13.970000:y=16.027400,edge,10,3,3.386666666666607,3.386666666666607,0.0,0.0,3.386666666666607,0.0,1,0.0,A001
EDGE:AISLE:x=13.563600:y=19.075400<->AISLE:x=13.970000:y=19.075400,edge,41,8,13.885333333329527,13.885333333329527,0.0,0.0,13.885333333329527,0.0,1,0.0,A001
EDGE:AISLE:x=13.563600:y=21.361400<->AISLE:x=13.970000:y=21.361400,edge,38,8,12.869333333330147,12.869333333330147,0.0,0.0,12.869333333330147,0.0,1,0.0,A001
EDGE:AISLE:x=13.563600:y=23.647400<->AISLE:x=13.970000:y=23.647400,edge,10,4,3.386666666665633,3.386666666665633,0.0,0.0,3.386666666665633,0.0,1,0.0,A001
EDGE:AISLE:x=13.563600:y=25.933400<->AISLE:x=13.970000:y=25.933400,edge,13,8,4.402666666665709,4.402666666665709,0.0,0.0,4.402666666665709,0.0,1,0.0,A001
EDGE:AISLE:x=13.563600:y=28.219400<->AISLE:x=13.970000:y=28.219400,edge,95,8,32.17333333332678,32.17333333332678,0.0,0.0,32.17333333332678,0.0,1,0.0,A001
EDGE:AISLE:x=13.563600:y=30.505400<->AISLE:x=13.970000:y=30.505400,edge,14,5,4.741333333332847,4.741333333332847,0.0,0.0,4.741333333332847,0.0,1,0.0,A001
EDGE:AISLE:x=13.563600:y=32.791400<->AISLE:x=13.970000:y=32.791400,edge,19,7,6.4346666666658905,6.4346666666658905,0.0,0.0,6.4346666666658905,0.0,1,0.0,A001
EDGE:AISLE:x=13.563600:y=35.077400<->AISLE:x=13.970000:y=35.077400,edge,15,7,5.079999999999359,5.079999999999359,0.0,0.0,5.079999999999359,0.0,1,0.0,A001
EDGE:AISLE:x=13.563600:y=37.363400<->AISLE:x=13.970000:y=37.363400,edge,3,3,1.0159999999997353,1.0159999999997353,0.0,0.0,1.0159999999997353,0.0,1,0.0,A001
EDGE:AISLE:x=13.970000:y=16.027400<->AISLE:x=14.376400:y=16.027400,edge,10,3,3.386666666666598,3.386666666666598,0.0,0.0,3.386666666666598,0.0,1,0.0,A001
EDGE:AISLE:x=13.970000:y=19.075400<->AISLE:x=14.376400:y=19.075400,edge,41,8,13.885333333329527,13.885333333329527,0.0,0.0,13.885333333329527,0.0,1,0.0,A001
EDGE:AISLE:x=13.970000:y=21.361400<->AISLE:x=14.376400:y=21.361400,edge,38,8,12.869333333330147,12.869333333330147,0.0,0.0,12.869333333330147,0.0,1,0.0,A001
EDGE:AISLE:x=13.970000:y=23.647400<->AISLE:x=14.376400:y=23.647400,edge,6,4,2.0319999999994707,2.0319999999994707,0.0,0.0,2.0319999999994707,0.0,1,0.0,A001
EDGE:AISLE:x=13.970000:y=25.933400<->AISLE:x=14.376400:y=25.933400,edge,13,8,4.402666666665709,4.402666666665709,0.0,0.0,4.402666666665709,0.0,1,0.0,A001
EDGE:AISLE:x=13.970000:y=28.219400<->AISLE:x=14.376400:y=28.219400,edge,87,8,29.46399999999379,29.46399999999379,0.0,0.0,29.46399999999379,0.0,1,0.0,A001
EDGE:AISLE:x=13.970000:y=30.505400<->AISLE:x=14.376400:y=30.505400,edge,12,4,4.063999999999538,4.063999999999538,0.0,0.0,4.063999999999538,0.0,1,0.0,A001
EDGE:AISLE:x=13.970000:y=32.791400<->AISLE:x=14.376400:y=32.791400,edge,15,7,5.0799999999992735,5.0799999999992735,0.0,0.0,5.0799999999992735,0.0,1,0.0,A001
EDGE:AISLE:x=13.970000:y=35.077400<->AISLE:x=14.376400:y=35.077400,edge,15,7,5.079999999999359,5.079999999999359,0.0,0.0,5.079999999999359,0.0,1,0.0,A001
EDGE:AISLE:x=13.970000:y=37.363400<->AISLE:x=14.376400:y=37.363400,edge,3,3,1.0159999999997353,1.0159999999997353,0.0,0.0,1.0159999999997353,0.0,1,0.0,A001
EDGE:AISLE:x=14.376400:y=16.027400<->AISLE:x=14.833600:y=16.027400,edge,10,3,3.8099999999999405,3.8099999999999405,0.0,0.0,3.8099999999999405,0.0,1,0.0,A001
EDGE:AISLE:x=14.376400:y=19.075400<->AISLE:x=14.833600:y=19.075400,edge,39,8,14.858999999983666,14.858999999983666,0.0,0.0,14.858999999983666,0.0,1,0.0,A001
EDGE:AISLE:x=14.376400:y=21.361400<->AISLE:x=14.833600:y=21.361400,edge,36,8,13.715999999986622,13.715999999986622,0.0,0.0,13.715999999986622,0.0,1,0.0,A001
EDGE:AISLE:x=14.376400:y=23.647400<->AISLE:x=14.833600:y=23.647400,edge,6,4,2.285999999997557,2.285999999997557,0.0,0.0,2.285999999997557,0.0,1,0.0,A001
EDGE:AISLE:x=14.376400:y=25.933400<->AISLE:x=14.833600:y=25.933400,edge,13,8,4.952999999995654,4.952999999995654,0.0,0.0,4.952999999995654,0.0,1,0.0,A001
EDGE:AISLE:x=14.376400:y=28.219400<->AISLE:x=14.833600:y=28.219400,edge,81,8,30.860999999973046,30.860999999973046,0.0,0.0,30.860999999973046,0.0,1,0.0,A001
EDGE:AISLE:x=14.376400:y=30.505400<->AISLE:x=14.833600:y=30.505400,edge,12,4,4.57199999999807,4.57199999999807,0.0,0.0,4.57199999999807,0.0,1,0.0,A001
EDGE:AISLE:x=14.376400:y=32.791400<->AISLE:x=14.833600:y=32.791400,edge,13,6,4.952999999995711,4.952999999995711,0.0,0.0,4.952999999995711,0.0,1,0.0,A001
EDGE:AISLE:x=14.376400:y=35.077400<->AISLE:x=14.833600:y=35.077400,edge,13,7,4.952999999997417,4.952999999997417,0.0,0.0,4.952999999997417,0.0,1,0.0,A001
EDGE:AISLE:x=14.376400:y=37.363400<->AISLE:x=14.833600:y=37.363400,edge,3,3,1.142999999998807,1.142999999998807,0.0,0.0,1.142999999998807,0.0,1,0.0,A001
EDGE:AISLE:x=14.833600:y=16.027400<->AISLE:x=15.240000:y=16.027400,edge,8,3,2.709333333333289,2.709333333333289,0.0,0.0,2.709333333333289,0.0,1,0.0,A001
EDGE:AISLE:x=14.833600:y=19.075400<->AISLE:x=15.240000:y=19.075400,edge,39,8,13.207999999996446,13.207999999996446,0.0,0.0,13.207999999996446,0.0,1,0.0,A001
EDGE:AISLE:x=14.833600:y=21.361400<->AISLE:x=15.240000:y=21.361400,edge,32,8,10.837333333330704,10.837333333330704,0.0,0.0,10.837333333330704,0.0,1,0.0,A001
EDGE:AISLE:x=14.833600:y=23.647400<->AISLE:x=15.240000:y=23.647400,edge,6,4,2.0319999999994707,2.0319999999994707,0.0,0.0,2.0319999999994707,0.0,1,0.0,A001
EDGE:AISLE:x=14.833600:y=25.933400<->AISLE:x=15.240000:y=25.933400,edge,11,8,3.725333333332401,3.725333333332401,0.0,0.0,3.725333333332401,0.0,1,0.0,A001
EDGE:AISLE:x=14.833600:y=28.219400<->AISLE:x=15.240000:y=28.219400,edge,85,8,28.786666666660054,28.786666666660054,0.0,0.0,28.786666666660054,0.0,1,0.0,A001
EDGE:AISLE:x=14.833600:y=30.505400<->AISLE:x=15.240000:y=30.505400,edge,12,4,4.063999999999538,4.063999999999538,0.0,0.0,4.063999999999538,0.0,1,0.0,A001
EDGE:AISLE:x=14.833600:y=32.791400<->AISLE:x=15.240000:y=32.791400,edge,11,6,3.7253333333326566,3.7253333333326566,0.0,0.0,3.7253333333326566,0.0,1,0.0,A001
EDGE:AISLE:x=14.833600:y=35.077400<->AISLE:x=15.240000:y=35.077400,edge,11,7,3.7253333333329692,3.7253333333329692,0.0,0.0,3.7253333333329692,0.0,1,0.0,A001
EDGE:AISLE:x=14.833600:y=37.363400<->AISLE:x=15.240000:y=37.363400,edge,3,3,1.0159999999997353,1.0159999999997353,0.0,0.0,1.0159999999997353,0.0,1,0.0,A001
EDGE:AISLE:x=15.240000:y=16.027400<->AISLE:x=15.646400:y=16.027400,edge,6,3,2.031999999999977,2.031999999999977,0.0,0.0,2.031999999999977,0.0,1,0.0,A001
EDGE:AISLE:x=15.240000:y=19.075400<->AISLE:x=15.646400:y=19.075400,edge,33,8,11.175999999997202,11.175999999997202,0.0,0.0,11.175999999997202,0.0,1,0.0,A001
EDGE:AISLE:x=15.240000:y=21.361400<->AISLE:x=15.646400:y=21.361400,edge,28,8,9.482666666664286,9.482666666664286,0.0,0.0,9.482666666664286,0.0,1,0.0,A001
EDGE:AISLE:x=15.240000:y=23.647400<->AISLE:x=15.646400:y=23.647400,edge,6,4,2.0319999999994707,2.0319999999994707,0.0,0.0,2.0319999999994707,0.0,1,0.0,A001
EDGE:AISLE:x=15.240000:y=25.933400<->AISLE:x=15.646400:y=25.933400,edge,11,8,3.725333333332401,3.725333333332401,0.0,0.0,3.725333333332401,0.0,1,0.0,A001
EDGE:AISLE:x=15.240000:y=28.219400<->AISLE:x=15.646400:y=28.219400,edge,87,8,29.463999999993824,29.463999999993828,0.0,0.0,29.463999999993824,0.0,1,0.0,A001
EDGE:AISLE:x=15.240000:y=30.505400<->AISLE:x=15.646400:y=30.505400,edge,12,4,4.063999999999538,4.063999999999538,0.0,0.0,4.063999999999538,0.0,1,0.0,A001
EDGE:AISLE:x=15.240000:y=32.791400<->AISLE:x=15.646400:y=32.791400,edge,9,5,3.047999999999348,3.047999999999348,0.0,0.0,3.047999999999348,0.0,1,0.0,A001
EDGE:AISLE:x=15.240000:y=35.077400<->AISLE:x=15.646400:y=35.077400,edge,9,7,3.0479999999996608,3.0479999999996608,0.0,0.0,3.0479999999996608,0.0,1,0.0,A001
EDGE:AISLE:x=15.240000:y=37.363400<->AISLE:x=15.646400:y=37.363400,edge,3,3,1.0159999999997353,1.0159999999997353,0.0,0.0,1.0159999999997353,0.0,1,0.0,A001
EDGE:AISLE:x=15.646400:y=16.027400<->AISLE:x=16.103600:y=16.027400,edge,6,3,2.2860000000000014,2.2860000000000014,0.0,0.0,2.2860000000000014,0.0,1,0.0,A001
EDGE:AISLE:x=15.646400:y=19.075400<->AISLE:x=16.103600:y=19.075400,edge,31,8,11.810999999988667,11.810999999988667,0.0,0.0,11.810999999988667,0.0,1,0.0,A001
EDGE:AISLE:x=15.646400:y=21.361400<->AISLE:x=16.103600:y=21.361400,edge,22,7,8.381999999991507,8.381999999991507,0.0,0.0,8.381999999991507,0.0,1,0.0,A001
EDGE:AISLE:x=15.646400:y=23.647400<->AISLE:x=16.103600:y=23.647400,edge,6,4,2.285999999997557,2.285999999997557,0.0,0.0,2.285999999997557,0.0,1,0.0,A001
EDGE:AISLE:x=15.646400:y=25.933400<->AISLE:x=16.103600:y=25.933400,edge,15,8,5.7149999999946886,5.7149999999946886,0.0,0.0,5.7149999999946886,0.0,1,0.0,A001
EDGE:AISLE:x=15.646400:y=28.219400<->AISLE:x=16.103600:y=28.219400,edge,73,8,27.812999999975517,27.812999999975517,0.0,0.0,27.812999999975517,0.0,1,0.0,A001
EDGE:AISLE:x=15.646400:y=30.505400<->AISLE:x=16.103600:y=30.505400,edge,8,4,3.047999999998183,3.047999999998183,0.0,0.0,3.047999999998183,0.0,1,0.0,A001
EDGE:AISLE:x=15.646400:y=32.791400<->AISLE:x=16.103600:y=32.791400,edge,5,3,1.9049999999993474,1.9049999999993474,0.0,0.0,1.9049999999993474,0.0,1,0.0,A001
EDGE:AISLE:x=15.646400:y=35.077400<->AISLE:x=16.103600:y=35.077400,edge,9,7,3.428999999998723,3.428999999998723,0.0,0.0,3.428999999998723,0.0,1,0.0,A001
EDGE:AISLE:x=15.646400:y=37.363400<->AISLE:x=16.103600:y=37.363400,edge,3,3,1.142999999998807,1.142999999998807,0.0,0.0,1.142999999998807,0.0,1,0.0,A001
EDGE:AISLE:x=16.103600:y=16.027400<->AISLE:x=16.510000:y=16.027400,edge,4,2,1.3546666666666596,1.3546666666666596,0.0,0.0,1.3546666666666596,0.0,1,0.0,A001
EDGE:AISLE:x=16.103600:y=19.075400<->AISLE:x=16.510000:y=19.075400,edge,31,8,10.498666666664349,10.498666666664349,0.0,0.0,10.498666666664349,0.0,1,0.0,A001
EDGE:AISLE:x=16.103600:y=21.361400<->AISLE:x=16.510000:y=21.361400,edge,22,7,7.450666666664816,7.450666666664816,0.0,0.0,7.450666666664816,0.0,1,0.0,A001
EDGE:AISLE:x=16.103600:y=23.647400<->AISLE:x=16.510000:y=23.647400,edge,8,5,2.709333333332779,2.709333333332779,0.0,0.0,2.709333333332779,0.0,1,0.0,A001
EDGE:AISLE:x=16.103600:y=25.933400<->AISLE:x=16.510000:y=25.933400,edge,15,8,5.07999999999879,5.07999999999879,0.0,0.0,5.07999999999879,0.0,1,0.0,A001
EDGE:AISLE:x=16.103600:y=28.219400<->AISLE:x=16.510000:y=28.219400,edge,61,8,20.65866666666162,20.65866666666162,0.0,0.0,20.65866666666162,0.0,1,0.0,A001
EDGE:AISLE:x=16.103600:y=30.505400<->AISLE:x=16.510000:y=30.505400,edge,4,2,1.3546666666662759,1.3546666666662759,0.0,0.0,1.3546666666662759,0.0,1,0.0,A001
EDGE:AISLE:x=16.103600:y=32.791400<->AISLE:x=16.510000:y=32.791400,edge,3,3,1.015999999999849,1.015999999999849,0.0,0.0,1.015999999999849,0.0,1,0.0,A001
EDGE:AISLE:x=16.103600:y=35.077400<->AISLE:x=16.510000:y=35.077400,edge,9,7,3.0479999999996608,3.0479999999996608,0.0,0.0,3.0479999999996608,0.0,1,0.0,A001
EDGE:AISLE:x=16.103600:y=37.363400<->AISLE:x=16.510000:y=37.363400,edge,3,3,1.0159999999997353,1.0159999999997353,0.0,0.0,1.0159999999997353,0.0,1,0.0,A001
EDGE:AISLE:x=16.510000:y=16.027400<->AISLE:x=16.916400:y=16.027400,edge,2,1,0.677333333333336,0.677333333333336,0.0,0.0,0.677333333333336,0.0,1,0.0,A001
EDGE:AISLE:x=16.510000:y=19.075400<->AISLE:x=16.916400:y=19.075400,edge,23,7,7.7893333333315695,7.7893333333315695,0.0,0.0,7.7893333333315695,0.0,1,0.0,A001
EDGE:AISLE:x=16.510000:y=21.361400<->AISLE:x=16.916400:y=21.361400,edge,22,7,7.450666666664816,7.450666666664816,0.0,0.0,7.450666666664816,0.0,1,0.0,A001
EDGE:AISLE:x=16.510000:y=23.647400<->AISLE:x=16.916400:y=23.647400,edge,8,5,2.709333333332779,2.709333333332779,0.0,0.0,2.709333333332779,0.0,1,0.0,A001
EDGE:AISLE:x=16.510000:y=25.933400<->AISLE:x=16.916400:y=25.933400,edge,15,8,5.07999999999879,5.07999999999879,0.0,0.0,5.07999999999879,0.0,1,0.0,A001
EDGE:AISLE:x=16.510000:y=28.219400<->AISLE:x=16.916400:y=28.219400,edge,45,8,15.239999999996044,15.239999999996044,0.0,0.0,15.239999999996044,0.0,1,0.0,A001
EDGE:AISLE:x=16.510000:y=30.505400<->AISLE:x=16.916400:y=30.505400,edge,6,2,2.0319999999995844,2.0319999999995844,0.0,0.0,2.0319999999995844,0.0,1,0.0,A001
EDGE:AISLE:x=16.510000:y=32.791400<->AISLE:x=16.916400:y=32.791400,edge,3,3,1.015999999999849,1.015999999999849,0.0,0.0,1.015999999999849,0.0,1,0.0,A001
EDGE:AISLE:x=16.510000:y=35.077400<->AISLE:x=16.916400:y=35.077400,edge,5,5,1.6933333333330438,1.6933333333330438,0.0,0.0,1.6933333333330438,0.0,1,0.0,A001
EDGE:AISLE:x=16.510000:y=37.363400<->AISLE:x=16.916400:y=37.363400,edge,3,3,1.0159999999997353,1.0159999999997353,0.0,0.0,1.0159999999997353,0.0,1,0.0,A001
EDGE:AISLE:x=16.916400:y=19.075400<->SUP:RC-09,edge,13,7,5.503333333338617,5.503333333338617,0.0,0.0,5.503333333338617,0.0,1,0.0,A001
EDGE:AISLE:x=16.916400:y=21.361400<->SUP:RC-10,edge,22,7,9.313333333343891,9.313333333343891,0.0,0.0,9.313333333343891,0.0,1,0.0,A001
EDGE:AISLE:x=16.916400:y=23.647400<->SUP:RC-11,edge,8,5,3.3866666666696688,3.3866666666696688,0.0,0.0,3.3866666666696688,0.0,1,0.0,A001
EDGE:AISLE:x=16.916400:y=25.933400<->SUP:RC-12,edge,13,8,5.503333333338617,5.503333333338617,0.0,0.0,5.503333333338617,0.0,1,0.0,A001
EDGE:AISLE:x=16.916400:y=28.219400<->SUP:RC-13,edge,25,6,10.58333333334376,10.58333333334376,0.0,0.0,10.58333333334376,0.0,1,0.0,A001
EDGE:AISLE:x=16.916400:y=30.505400<->SUP:RC-14,edge,6,2,2.540000000002294,2.540000000002294,0.0,0.0,2.540000000002294,0.0,1,0.0,A001
EDGE:AISLE:x=16.916400:y=32.791400<->SUP:RC-15,edge,3,3,1.2700000000007776,1.2700000000007776,0.0,0.0,1.2700000000007776,0.0,1,0.0,A001
EDGE:AISLE:x=16.916400:y=35.077400<->SUP:RC-16,edge,5,5,2.116666666668209,2.116666666668209,0.0,0.0,2.116666666668209,0.0,1,0.0,A001
EDGE:AISLE:x=16.916400:y=37.363400<->SUP:RC-17,edge,3,3,1.2700000000015166,1.2700000000015166,0.0,0.0,1.2700000000015166,0.0,1,0.0,A001
EDGE:AISLE:x=2.184400:y=16.027400<->AISLE:x=2.590800:y=16.027400,edge,8,4,2.709333333333248,2.709333333333248,0.0,0.0,2.709333333333248,0.0,1,0.0,A001
EDGE:AISLE:x=2.184400:y=16.027400<->SUP:LC-08,edge,6,3,2.540000000001598,2.540000000001598,0.0,0.0,2.540000000001598,0.0,1,0.0,A001
EDGE:AISLE:x=2.184400:y=19.075400<->AISLE:x=2.590800:y=19.075400,edge,12,5,4.0639999999986,4.0639999999986,0.0,0.0,4.0639999999986,0.0,1,0.0,A001
EDGE:AISLE:x=2.184400:y=19.075400<->SUP:LC-09,edge,14,5,5.926666666674862,5.926666666674862,0.0,0.0,5.926666666674862,0.0,1,0.0,A001
EDGE:AISLE:x=2.184400:y=21.361400<->AISLE:x=2.590800:y=21.361400,edge,19,6,6.434666666665876,6.434666666665876,0.0,0.0,6.434666666665876,0.0,1,0.0,A001
EDGE:AISLE:x=2.184400:y=21.361400<->SUP:LC-10,edge,21,6,8.890000000005259,8.890000000005259,0.0,0.0,8.890000000005259,0.0,1,0.0,A001
EDGE:AISLE:x=2.184400:y=23.647400<->AISLE:x=2.590800:y=23.647400,edge,36,8,12.191999999997478,12.191999999997478,0.0,0.0,12.191999999997478,0.0,1,0.0,A001
EDGE:AISLE:x=2.184400:y=23.647400<->SUP:LC-11,edge,38,8,16.086666666682362,16.086666666682362,0.0,0.0,16.086666666682362,0.0,1,0.0,A001
EDGE:AISLE:x=2.184400:y=25.933400<->AISLE:x=2.590800:y=25.933400,edge,22,7,7.45066666666537,7.45066666666537,0.0,0.0,7.45066666666537,0.0,1,0.0,A001
EDGE:AISLE:x=2.184400:y=25.933400<->SUP:LC-12,edge,22,7,9.313333333339926,9.313333333339926,0.0,0.0,9.313333333339926,0.0,1,0.0,A001
EDGE:AISLE:x=2.184400:y=28.219400<->AISLE:x=2.590800:y=28.219400,edge,23,7,7.789333333332195,7.789333333332195,0.0,0.0,7.789333333332195,0.0,1,0.0,A001
EDGE:AISLE:x=2.184400:y=28.219400<->SUP:LC-13,edge,25,7,10.583333333340647,10.583333333340647,0.0,0.0,10.583333333340647,0.0,1,0.0,A001
EDGE:AISLE:x=2.184400:y=30.505400<->AISLE:x=2.590800:y=30.505400,edge,24,6,8.127999999999034,8.127999999999034,0.0,0.0,8.127999999999034,0.0,1,0.0,A001
EDGE:AISLE:x=2.184400:y=30.505400<->SUP:LC-14,edge,20,6,8.466666666670264,8.466666666670264,0.0,0.0,8.466666666670264,0.0,1,0.0,A001
EDGE:AISLE:x=2.184400:y=32.791400<->AISLE:x=2.590800:y=32.791400,edge,21,8,7.111999999999199,7.111999999999199,0.0,0.0,7.111999999999199,0.0,1,0.0,A001
EDGE:AISLE:x=2.184400:y=32.791400<->SUP:LC-15,edge,21,8,8.890000000004335,8.890000000004335,0.0,0.0,8.890000000004335,0.0,1,0.0,A001
EDGE:AISLE:x=2.184400:y=35.077400<->AISLE:x=2.590800:y=35.077400,edge,11,5,3.7253333333328698,3.7253333333328698,0.0,0.0,3.7253333333328698,0.0,1,0.0,A001
EDGE:AISLE:x=2.184400:y=35.077400<->SUP:LC-16,edge,11,5,4.656666666668784,4.656666666668784,0.0,0.0,4.656666666668784,0.0,1,0.0,A001
EDGE:AISLE:x=2.590800:y=16.027400<->AISLE:x=2.997200:y=16.027400,edge,8,4,2.709333333333248,2.709333333333248,0.0,0.0,2.709333333333248,0.0,1,0.0,A001
EDGE:AISLE:x=2.590800:y=19.075400<->AISLE:x=2.997200:y=19.075400,edge,12,5,4.0639999999986,4.0639999999986,0.0,0.0,4.0639999999986,0.0,1,0.0,A001
EDGE:AISLE:x=2.590800:y=21.361400<->AISLE:x=2.997200:y=21.361400,edge,19,6,6.434666666665876,6.434666666665876,0.0,0.0,6.434666666665876,0.0,1,0.0,A001
EDGE:AISLE:x=2.590800:y=23.647400<->AISLE:x=2.997200:y=23.647400,edge,36,7,12.19199999999745,12.19199999999745,0.0,0.0,12.19199999999745,0.0,1,0.0,A001
EDGE:AISLE:x=2.590800:y=25.933400<->AISLE:x=2.997200:y=25.933400,edge,22,7,7.45066666666537,7.45066666666537,0.0,0.0,7.45066666666537,0.0,1,0.0,A001
EDGE:AISLE:x=2.590800:y=28.219400<->AISLE:x=2.997200:y=28.219400,edge,23,7,7.789333333332195,7.789333333332195,0.0,0.0,7.789333333332195,0.0,1,0.0,A001
EDGE:AISLE:x=2.590800:y=30.505400<->AISLE:x=2.997200:y=30.505400,edge,20,6,6.773333333332644,6.773333333332644,0.0,0.0,6.773333333332644,0.0,1,0.0,A001
EDGE:AISLE:x=2.590800:y=32.791400<->AISLE:x=2.997200:y=32.791400,edge,19,8,6.4346666666658905,6.4346666666658905,0.0,0.0,6.4346666666658905,0.0,1,0.0,A001
EDGE:AISLE:x=2.590800:y=35.077400<->AISLE:x=2.997200:y=35.077400,edge,11,5,3.7253333333328698,3.7253333333328698,0.0,0.0,3.7253333333328698,0.0,1,0.0,A001
EDGE:AISLE:x=2.997200:y=16.027400<->AISLE:x=3.454400:y=16.027400,edge,8,4,3.0479999999988934,3.0479999999988934,0.0,0.0,3.0479999999988934,0.0,1,0.0,A001
EDGE:AISLE:x=2.997200:y=19.075400<->AISLE:x=3.454400:y=19.075400,edge,12,5,4.571999999993409,4.571999999993409,0.0,0.0,4.571999999993409,0.0,1,0.0,A001
EDGE:AISLE:x=2.997200:y=21.361400<->AISLE:x=3.454400:y=21.361400,edge,21,7,8.000999999994548,8.000999999994548,0.0,0.0,8.000999999994548,0.0,1,0.0,A001
EDGE:AISLE:x=2.997200:y=23.647400<->AISLE:x=3.454400:y=23.647400,edge,32,7,12.191999999990685,12.191999999990685,0.0,0.0,12.191999999990685,0.0,1,0.0,A001
EDGE:AISLE:x=2.997200:y=25.933400<->AISLE:x=3.454400:y=25.933400,edge,22,7,8.381999999994264,8.381999999994264,0.0,0.0,8.381999999994264,0.0,1,0.0,A001
EDGE:AISLE:x=2.997200:y=28.219400<->AISLE:x=3.454400:y=28.219400,edge,23,7,8.762999999994918,8.762999999994918,0.0,0.0,8.762999999994918,0.0,1,0.0,A001
EDGE:AISLE:x=2.997200:y=30.505400<->AISLE:x=3.454400:y=30.505400,edge,20,6,7.619999999996736,7.619999999996736,0.0,0.0,7.619999999996736,0.0,1,0.0,A001
EDGE:AISLE:x=2.997200:y=32.791400<->AISLE:x=3.454400:y=32.791400,edge,21,8,8.000999999996225,8.000999999996225,0.0,0.0,8.000999999996225,0.0,1,0.0,A001
EDGE:AISLE:x=2.997200:y=35.077400<->AISLE:x=3.454400:y=35.077400,edge,11,5,4.190999999998013,4.190999999998013,0.0,0.0,4.190999999998013,0.0,1,0.0,A001
EDGE:AISLE:x=3.454400:y=16.027400<->AISLE:x=3.860800:y=16.027400,edge,6,4,2.0319999999997123,2.0319999999997123,0.0,0.0,2.0319999999997123,0.0,1,0.0,A001
EDGE:AISLE:x=3.454400:y=19.075400<->AISLE:x=3.860800:y=19.075400,edge,12,5,4.0639999999986,4.0639999999986,0.0,0.0,4.0639999999986,0.0,1,0.0,A001
EDGE:AISLE:x=3.454400:y=21.361400<->AISLE:x=3.860800:y=21.361400,edge,23,8,7.789333333332266,7.789333333332266,0.0,0.0,7.789333333332266,0.0,1,0.0,A001
EDGE:AISLE:x=3.454400:y=23.647400<->AISLE:x=3.860800:y=23.647400,edge,28,6,9.48266666666467,9.48266666666467,0.0,0.0,9.48266666666467,0.0,1,0.0,A001
EDGE:AISLE:x=3.454400:y=25.933400<->AISLE:x=3.860800:y=25.933400,edge,20,7,6.773333333332062,6.773333333332062,0.0,0.0,6.773333333332062,0.0,1,0.0,A001
EDGE:AISLE:x=3.454400:y=28.219400<->AISLE:x=3.860800:y=28.219400,edge,23,7,7.789333333332195,7.789333333332195,0.0,0.0,7.789333333332195,0.0,1,0.0,A001
EDGE:AISLE:x=3.454400:y=30.505400<->AISLE:x=3.860800:y=30.505400,edge,20,6,6.773333333332644,6.773333333332644,0.0,0.0,6.773333333332644,0.0,1,0.0,A001
EDGE:AISLE:x=3.454400:y=32.791400<->AISLE:x=3.860800:y=32.791400,edge,23,8,7.789333333332507,7.789333333332507,0.0,0.0,7.789333333332507,0.0,1,0.0,A001
EDGE:AISLE:x=3.454400:y=35.077400<->AISLE:x=3.860800:y=35.077400,edge,11,5,3.7253333333328698,3.7253333333328698,0.0,0.0,3.7253333333328698,0.0,1,0.0,A001
EDGE:AISLE:x=3.860800:y=16.027400<->AISLE:x=4.267200:y=16.027400,edge,14,7,4.741333333332719,4.741333333332719,0.0,0.0,4.741333333332719,0.0,1,0.0,A001
EDGE:AISLE:x=3.860800:y=19.075400<->AISLE:x=4.267200:y=19.075400,edge,12,5,4.0639999999986,4.0639999999986,0.0,0.0,4.0639999999986,0.0,1,0.0,A001
EDGE:AISLE:x=3.860800:y=21.361400<->AISLE:x=4.267200:y=21.361400,edge,21,7,7.111999999998957,7.111999999998957,0.0,0.0,7.111999999998957,0.0,1,0.0,A001
EDGE:AISLE:x=3.860800:y=23.647400<->AISLE:x=4.267200:y=23.647400,edge,24,6,8.127999999998508,8.127999999998508,0.0,0.0,8.127999999998508,0.0,1,0.0,A001
EDGE:AISLE:x=3.860800:y=25.933400<->AISLE:x=4.267200:y=25.933400,edge,24,7,8.127999999998679,8.127999999998679,0.0,0.0,8.127999999998679,0.0,1,0.0,A001
EDGE:AISLE:x=3.860800:y=28.219400<->AISLE:x=4.267200:y=28.219400,edge,21,7,7.111999999998886,7.111999999998886,0.0,0.0,7.111999999998886,0.0,1,0.0,A001
EDGE:AISLE:x=3.860800:y=30.505400<->AISLE:x=4.267200:y=30.505400,edge,22,6,7.450666666665953,7.450666666665953,0.0,0.0,7.450666666665953,0.0,1,0.0,A001
EDGE:AISLE:x=3.860800:y=32.791400<->AISLE:x=4.267200:y=32.791400,edge,25,8,8.466666666665844,8.466666666665844,0.0,0.0,8.466666666665844,0.0,1,0.0,A001
EDGE:AISLE:x=3.860800:y=35.077400<->AISLE:x=4.267200:y=35.077400,edge,13,5,4.402666666665951,4.402666666665951,0.0,0.0,4.402666666665951,0.0,1,0.0,A001
EDGE:AISLE:x=4.267200:y=16.027400<->AISLE:x=4.724400:y=16.027400,edge,16,7,6.095999999997417,6.095999999997417,0.0,0.0,6.095999999997417,0.0,1,0.0,A001
EDGE:AISLE:x=4.267200:y=19.075400<->AISLE:x=4.724400:y=19.075400,edge,12,5,4.571999999993466,4.571999999993466,0.0,0.0,4.571999999993466,0.0,1,0.0,A001
EDGE:AISLE:x=4.267200:y=21.361400<->AISLE:x=4.724400:y=21.361400,edge,25,8,9.524999999994606,9.524999999994606,0.0,0.0,9.524999999994606,0.0,1,0.0,A001
EDGE:AISLE:x=4.267200:y=23.647400<->AISLE:x=4.724400:y=23.647400,edge,24,6,9.143999999993184,9.143999999993184,0.0,0.0,9.143999999993184,0.0,1,0.0,A001
EDGE:AISLE:x=4.267200:y=25.933400<->AISLE:x=4.724400:y=25.933400,edge,26,7,9.905999999993185,9.905999999993185,0.0,0.0,9.905999999993185,0.0,1,0.0,A001
EDGE:AISLE:x=4.267200:y=28.219400<->AISLE:x=4.724400:y=28.219400,edge,23,7,8.76299999999378,8.76299999999378,0.0,0.0,8.76299999999378,0.0,1,0.0,A001
EDGE:AISLE:x=4.267200:y=30.505400<->AISLE:x=4.724400:y=30.505400,edge,24,6,9.143999999996737,9.143999999996737,0.0,0.0,9.143999999996737,0.0,1,0.0,A001
EDGE:AISLE:x=4.267200:y=32.791400<->AISLE:x=4.724400:y=32.791400,edge,25,8,9.524999999996226,9.524999999996226,0.0,0.0,9.524999999996226,0.0,1,0.0,A001
EDGE:AISLE:x=4.267200:y=35.077400<->AISLE:x=4.724400:y=35.077400,edge,15,6,5.714999999995683,5.714999999995683,0.0,0.0,5.714999999995683,0.0,1,0.0,A001
EDGE:AISLE:x=4.724400:y=16.027400<->AISLE:x=5.130800:y=16.027400,edge,20,7,6.773333333332673,6.773333333332673,0.0,0.0,6.773333333332673,0.0,1,0.0,A001
EDGE:AISLE:x=4.724400:y=19.075400<->AISLE:x=5.130800:y=19.075400,edge,14,5,4.741333333331681,4.741333333331681,0.0,0.0,4.741333333331681,0.0,1,0.0,A001
EDGE:AISLE:x=4.724400:y=21.361400<->AISLE:x=5.130800:y=21.361400,edge,27,8,9.143999999999139,9.143999999999139,0.0,0.0,9.143999999999139,0.0,1,0.0,A001
EDGE:AISLE:x=4.724400:y=23.647400<->AISLE:x=5.130800:y=23.647400,edge,28,6,9.48266666666487,9.48266666666487,0.0,0.0,9.48266666666487,0.0,1,0.0,A001
EDGE:AISLE:x=4.724400:y=25.933400<->AISLE:x=5.130800:y=25.933400,edge,24,7,8.127999999998451,8.127999999998451,0.0,0.0,8.127999999998451,0.0,1,0.0,A001
EDGE:AISLE:x=4.724400:y=28.219400<->AISLE:x=5.130800:y=28.219400,edge,27,7,9.143999999998385,9.143999999998385,0.0,0.0,9.143999999998385,0.0,1,0.0,A001
EDGE:AISLE:x=4.724400:y=30.505400<->AISLE:x=5.130800:y=30.505400,edge,20,5,6.773333333332644,6.773333333332644,0.0,0.0,6.773333333332644,0.0,1,0.0,A001
EDGE:AISLE:x=4.724400:y=32.791400<->AISLE:x=5.130800:y=32.791400,edge,23,8,7.789333333332536,7.789333333332536,0.0,0.0,7.789333333332536,0.0,1,0.0,A001
EDGE:AISLE:x=4.724400:y=35.077400<->AISLE:x=5.130800:y=35.077400,edge,17,6,5.757333333332113,5.757333333332113,0.0,0.0,5.757333333332113,0.0,1,0.0,A001
EDGE:AISLE:x=5.130800:y=16.027400<->AISLE:x=5.537200:y=16.027400,edge,20,7,6.773333333332673,6.773333333332673,0.0,0.0,6.773333333332673,0.0,1,0.0,A001
EDGE:AISLE:x=5.130800:y=19.075400<->AISLE:x=5.537200:y=19.075400,edge,14,6,4.741333333331909,4.741333333331909,0.0,0.0,4.741333333331909,0.0,1,0.0,A001
EDGE:AISLE:x=5.130800:y=21.361400<->AISLE:x=5.537200:y=21.361400,edge,29,8,9.821333333332447,9.821333333332447,0.0,0.0,9.821333333332447,0.0,1,0.0,A001
EDGE:AISLE:x=5.130800:y=23.647400<->AISLE:x=5.537200:y=23.647400,edge,34,7,11.514666666664112,11.514666666664112,0.0,0.0,11.514666666664112,0.0,1,0.0,A001
EDGE:AISLE:x=5.130800:y=25.933400<->AISLE:x=5.537200:y=25.933400,edge,24,7,8.127999999998451,8.127999999998451,0.0,0.0,8.127999999998451,0.0,1,0.0,A001
EDGE:AISLE:x=5.130800:y=28.219400<->AISLE:x=5.537200:y=28.219400,edge,31,7,10.498666666664548,10.498666666664548,0.0,0.0,10.498666666664548,0.0,1,0.0,A001
EDGE:AISLE:x=5.130800:y=30.505400<->AISLE:x=5.537200:y=30.505400,edge,20,5,6.773333333332644,6.773333333332644,0.0,0.0,6.773333333332644,0.0,1,0.0,A001
EDGE:AISLE:x=5.130800:y=32.791400<->AISLE:x=5.537200:y=32.791400,edge,25,8,8.466666666665844,8.466666666665844,0.0,0.0,8.466666666665844,0.0,1,0.0,A001
EDGE:AISLE:x=5.130800:y=35.077400<->AISLE:x=5.537200:y=35.077400,edge,17,6,5.757333333332113,5.757333333332113,0.0,0.0,5.757333333332113,0.0,1,0.0,A001
EDGE:AISLE:x=5.537200:y=16.027400<->AISLE:x=5.994400:y=16.027400,edge,20,7,7.619999999997361,7.619999999997361,0.0,0.0,7.619999999997361,0.0,1,0.0,A001
EDGE:AISLE:x=5.537200:y=19.075400<->AISLE:x=5.994400:y=19.075400,edge,18,6,6.85799999999216,6.85799999999216,0.0,0.0,6.85799999999216,0.0,1,0.0,A001
EDGE:AISLE:x=5.537200:y=21.361400<->AISLE:x=5.994400:y=21.361400,edge,29,8,11.04899999999553,11.04899999999553,0.0,0.0,11.04899999999553,0.0,1,0.0,A001
EDGE:AISLE:x=5.537200:y=23.647400<->AISLE:x=5.994400:y=23.647400,edge,38,7,14.477999999984775,14.477999999984775,0.0,0.0,14.477999999984775,0.0,1,0.0,A001
EDGE:AISLE:x=5.537200:y=25.933400<->AISLE:x=5.994400:y=25.933400,edge,32,7,12.191999999990685,12.191999999990685,0.0,0.0,12.191999999990685,0.0,1,0.0,A001
EDGE:AISLE:x=5.537200:y=28.219400<->AISLE:x=5.994400:y=28.219400,edge,29,7,11.048999999990201,11.048999999990201,0.0,0.0,11.048999999990201,0.0,1,0.0,A001
EDGE:AISLE:x=5.537200:y=30.505400<->AISLE:x=5.994400:y=30.505400,edge,18,5,6.857999999997929,6.857999999997929,0.0,0.0,6.857999999997929,0.0,1,0.0,A001
EDGE:AISLE:x=5.537200:y=32.791400<->AISLE:x=5.994400:y=32.791400,edge,25,8,9.524999999996169,9.524999999996169,0.0,0.0,9.524999999996169,0.0,1,0.0,A001
EDGE:AISLE:x=5.537200:y=35.077400<->AISLE:x=5.994400:y=35.077400,edge,17,6,6.476999999994433,6.476999999994433,0.0,0.0,6.476999999994433,0.0,1,0.0,A001
EDGE:AISLE:x=5.994400:y=16.027400<->AISLE:x=6.400800:y=16.027400,edge,20,7,6.773333333332673,6.773333333332673,0.0,0.0,6.773333333332673,0.0,1,0.0,A001
EDGE:AISLE:x=5.994400:y=19.075400<->AISLE:x=6.400800:y=19.075400,edge,18,6,6.095999999998298,6.095999999998298,0.0,0.0,6.095999999998298,0.0,1,0.0,A001
EDGE:AISLE:x=5.994400:y=21.361400<->AISLE:x=6.400800:y=21.361400,edge,31,8,10.498666666665514,10.498666666665514,0.0,0.0,10.498666666665514,0.0,1,0.0,A001
EDGE:AISLE:x=5.994400:y=23.647400<->AISLE:x=6.400800:y=23.647400,edge,48,7,16.255999999995908,16.255999999995908,0.0,0.0,16.255999999995908,0.0,1,0.0,A001
EDGE:AISLE:x=5.994400:y=25.933400<->AISLE:x=6.400800:y=25.933400,edge,34,7,11.514666666664311,11.514666666664311,0.0,0.0,11.514666666664311,0.0,1,0.0,A001
EDGE:AISLE:x=5.994400:y=28.219400<->AISLE:x=6.400800:y=28.219400,edge,31,8,10.498666666664064,10.498666666664064,0.0,0.0,10.498666666664064,0.0,1,0.0,A001
EDGE:AISLE:x=5.994400:y=30.505400<->AISLE:x=6.400800:y=30.505400,edge,18,5,6.095999999999563,6.095999999999563,0.0,0.0,6.095999999999563,0.0,1,0.0,A001
EDGE:AISLE:x=5.994400:y=32.791400<->AISLE:x=6.400800:y=32.791400,edge,27,8,9.143999999999153,9.143999999999153,0.0,0.0,9.143999999999153,0.0,1,0.0,A001
EDGE:AISLE:x=5.994400:y=35.077400<->AISLE:x=6.400800:y=35.077400,edge,21,6,7.111999999998503,7.111999999998503,0.0,0.0,7.111999999998503,0.0,1,0.0,A001
EDGE:AISLE:x=6.400800:y=16.027400<->AISLE:x=6.807200:y=16.027400,edge,22,8,7.4506666666660095,7.4506666666660095,0.0,0.0,7.4506666666660095,0.0,1,0.0,A001
EDGE:AISLE:x=6.400800:y=19.075400<->AISLE:x=6.807200:y=19.075400,edge,18,6,6.095999999998298,6.095999999998298,0.0,0.0,6.095999999998298,0.0,1,0.0,A001
EDGE:AISLE:x=6.400800:y=21.361400<->AISLE:x=6.807200:y=21.361400,edge,31,8,10.498666666665514,10.498666666665514,0.0,0.0,10.498666666665514,0.0,1,0.0,A001
EDGE:AISLE:x=6.400800:y=23.647400<->AISLE:x=6.807200:y=23.647400,edge,52,7,17.610666666662524,17.610666666662524,0.0,0.0,17.610666666662524,0.0,1,0.0,A001
EDGE:AISLE:x=6.400800:y=25.933400<->AISLE:x=6.807200:y=25.933400,edge,44,7,14.901333333329944,14.901333333329944,0.0,0.0,14.901333333329944,0.0,1,0.0,A001
EDGE:AISLE:x=6.400800:y=28.219400<->AISLE:x=6.807200:y=28.219400,edge,29,8,9.821333333330983,9.821333333330983,0.0,0.0,9.821333333330983,0.0,1,0.0,A001
EDGE:AISLE:x=6.400800:y=30.505400<->AISLE:x=6.807200:y=30.505400,edge,22,6,7.450666666665953,7.450666666665953,0.0,0.0,7.450666666665953,0.0,1,0.0,A001
EDGE:AISLE:x=6.400800:y=32.791400<->AISLE:x=6.807200:y=32.791400,edge,29,8,9.821333333332461,9.821333333332461,0.0,0.0,9.821333333332461,0.0,1,0.0,A001
EDGE:AISLE:x=6.400800:y=35.077400<->AISLE:x=6.807200:y=35.077400,edge,21,6,7.111999999998503,7.111999999998503,0.0,0.0,7.111999999998503,0.0,1,0.0,A001
EDGE:AISLE:x=6.807200:y=16.027400<->AISLE:x=7.264400:y=16.027400,edge,22,8,8.381999999997362,8.381999999997362,0.0,0.0,8.381999999997362,0.0,1,0.0,A001
EDGE:AISLE:x=6.807200:y=19.075400<->AISLE:x=7.264400:y=19.075400,edge,22,6,8.381999999989773,8.381999999989773,0.0,0.0,8.381999999989773,0.0,1,0.0,A001
EDGE:AISLE:x=6.807200:y=21.361400<->AISLE:x=7.264400:y=21.361400,edge,37,8,14.09699999999188,14.09699999999188,0.0,0.0,14.09699999999188,0.0,1,0.0,A001
EDGE:AISLE:x=6.807200:y=23.647400<->AISLE:x=7.264400:y=23.647400,edge,50,7,19.049999999981083,19.049999999981083,0.0,0.0,19.049999999981083,0.0,1,0.0,A001
EDGE:AISLE:x=6.807200:y=25.933400<->AISLE:x=7.264400:y=25.933400,edge,48,8,18.287999999983413,18.287999999983413,0.0,0.0,18.287999999983413,0.0,1,0.0,A001
EDGE:AISLE:x=6.807200:y=28.219400<->AISLE:x=7.264400:y=28.219400,edge,35,8,13.334999999987872,13.334999999987872,0.0,0.0,13.334999999987872,0.0,1,0.0,A001
EDGE:AISLE:x=6.807200:y=30.505400<->AISLE:x=7.264400:y=30.505400,edge,24,6,9.14399999999668,9.14399999999668,0.0,0.0,9.14399999999668,0.0,1,0.0,A001
EDGE:AISLE:x=6.807200:y=32.791400<->AISLE:x=7.264400:y=32.791400,edge,29,8,11.048999999996056,11.048999999996056,0.0,0.0,11.048999999996056,0.0,1,0.0,A001
EDGE:AISLE:x=6.807200:y=35.077400<->AISLE:x=7.264400:y=35.077400,edge,21,6,8.000999999993184,8.000999999993184,0.0,0.0,8.000999999993184,0.0,1,0.0,A001
EDGE:AISLE:x=7.264400:y=16.027400<->AISLE:x=7.670800:y=16.027400,edge,26,8,8.805333333332626,8.805333333332626,0.0,0.0,8.805333333332626,0.0,1,0.0,A001
EDGE:AISLE:x=7.264400:y=19.075400<->AISLE:x=7.670800:y=19.075400,edge,20,6,6.773333333331379,6.773333333331379,0.0,0.0,6.773333333331379,0.0,1,0.0,A001
EDGE:AISLE:x=7.264400:y=21.361400<->AISLE:x=7.670800:y=21.361400,edge,39,8,13.207999999997838,13.207999999997838,0.0,0.0,13.207999999997838,0.0,1,0.0,A001
EDGE:AISLE:x=7.264400:y=23.647400<->AISLE:x=7.670800:y=23.647400,edge,50,7,16.933333333329216,16.933333333329216,0.0,0.0,16.933333333329216,0.0,1,0.0,A001
EDGE:AISLE:x=7.264400:y=25.933400<->AISLE:x=7.670800:y=25.933400,edge,58,8,19.642666666661967,19.642666666661967,0.0,0.0,19.642666666661967,0.0,1,0.0,A001
EDGE:AISLE:x=7.264400:y=28.219400<->AISLE:x=7.670800:y=28.219400,edge,37,8,12.530666666664004,12.530666666664004,0.0,0.0,12.530666666664004,0.0,1,0.0,A001
EDGE:AISLE:x=7.264400:y=30.505400<->AISLE:x=7.670800:y=30.505400,edge,30,7,10.15999999999876,10.15999999999876,0.0,0.0,10.15999999999876,0.0,1,0.0,A001
EDGE:AISLE:x=7.264400:y=32.791400<->AISLE:x=7.670800:y=32.791400,edge,39,8,13.207999999998094,13.207999999998094,0.0,0.0,13.207999999998094,0.0,1,0.0,A001
EDGE:AISLE:x=7.264400:y=35.077400<->AISLE:x=7.670800:y=35.077400,edge,25,6,8.46666666666512,8.46666666666512,0.0,0.0,8.46666666666512,0.0,1,0.0,A001
EDGE:AISLE:x=7.670800:y=16.027400<->AISLE:x=8.077200:y=16.027400,edge,26,8,8.80533333333262,8.80533333333262,0.0,0.0,8.80533333333262,0.0,1,0.0,A001
EDGE:AISLE:x=7.670800:y=19.075400<->AISLE:x=8.077200:y=19.075400,edge,20,6,6.773333333331379,6.773333333331379,0.0,0.0,6.773333333331379,0.0,1,0.0,A001
EDGE:AISLE:x=7.670800:y=21.361400<->AISLE:x=8.077200:y=21.361400,edge,57,8,19.303999999997416,19.303999999997416,0.0,0.0,19.303999999997416,0.0,1,0.0,A001
EDGE:AISLE:x=7.670800:y=23.647400<->AISLE:x=8.077200:y=23.647400,edge,58,8,19.642666666662222,19.642666666662222,0.0,0.0,19.642666666662222,0.0,1,0.0,A001
EDGE:AISLE:x=7.670800:y=25.933400<->AISLE:x=8.077200:y=25.933400,edge,66,8,22.351999999994064,22.351999999994064,0.0,0.0,22.351999999994064,0.0,1,0.0,A001
EDGE:AISLE:x=7.670800:y=28.219400<->AISLE:x=8.077200:y=28.219400,edge,39,8,13.207999999997085,13.207999999997085,0.0,0.0,13.207999999997085,0.0,1,0.0,A001
EDGE:AISLE:x=7.670800:y=30.505400<->AISLE:x=8.077200:y=30.505400,edge,36,7,12.191999999998458,12.191999999998458,0.0,0.0,12.191999999998458,0.0,1,0.0,A001
EDGE:AISLE:x=7.670800:y=32.791400<->AISLE:x=8.077200:y=32.791400,edge,45,8,15.239999999997337,15.239999999997337,0.0,0.0,15.239999999997337,0.0,1,0.0,A001
EDGE:AISLE:x=7.670800:y=35.077400<->AISLE:x=8.077200:y=35.077400,edge,33,6,11.175999999998126,11.175999999998126,0.0,0.0,11.175999999998126,0.0,1,0.0,A001
EDGE:AISLE:x=8.077200:y=16.027400<->AISLE:x=8.534400:y=16.027400,edge,26,8,9.905999999997363,9.905999999997363,0.0,0.0,9.905999999997363,0.0,1,0.0,A001
EDGE:AISLE:x=8.077200:y=19.075400<->AISLE:x=8.534400:y=19.075400,edge,22,6,8.38199999998983,8.38199999998983,0.0,0.0,8.38199999998983,0.0,1,0.0,A001
EDGE:AISLE:x=8.077200:y=21.361400<->AISLE:x=8.534400:y=21.361400,edge,65,8,24.764999999986912,24.764999999986912,0.0,0.0,24.764999999986912,0.0,1,0.0,A001
EDGE:AISLE:x=8.077200:y=23.647400<->AISLE:x=8.534400:y=23.647400,edge,64,8,24.383999999977902,24.383999999977902,0.0,0.0,24.383999999977902,0.0,1,0.0,A001
EDGE:AISLE:x=8.077200:y=25.933400<->AISLE:x=8.534400:y=25.933400,edge,68,8,25.907999999971707,25.907999999971707,0.0,0.0,25.907999999971707,0.0,1,0.0,A001
EDGE:AISLE:x=8.077200:y=28.219400<->AISLE:x=8.534400:y=28.219400,edge,39,8,14.858999999986793,14.858999999986793,0.0,0.0,14.858999999986793,0.0,1,0.0,A001
EDGE:AISLE:x=8.077200:y=30.505400<->AISLE:x=8.534400:y=30.505400,edge,42,7,16.001999999993245,16.001999999993245,0.0,0.0,16.001999999993245,0.0,1,0.0,A001
EDGE:AISLE:x=8.077200:y=32.791400<->AISLE:x=8.534400:y=32.791400,edge,47,8,17.906999999986567,17.906999999986567,0.0,0.0,17.906999999986567,0.0,1,0.0,A001
EDGE:AISLE:x=8.077200:y=35.077400<->AISLE:x=8.534400:y=35.077400,edge,33,6,12.572999999991993,12.572999999991993,0.0,0.0,12.572999999991993,0.0,1,0.0,A001
EDGE:AISLE:x=8.077200:y=37.363400<->AISLE:x=8.534400:y=37.363400,edge,2,1,0.7619999999999436,0.7619999999999436,0.0,0.0,0.7619999999999436,0.0,1,0.0,A001
EDGE:AISLE:x=8.534400:y=16.027400<->AISLE:x=8.940800:y=16.027400,edge,26,8,8.805333333332621,8.805333333332621,0.0,0.0,8.805333333332621,0.0,1,0.0,A001
EDGE:AISLE:x=8.534400:y=19.075400<->AISLE:x=8.940800:y=19.075400,edge,26,7,8.805333333330623,8.805333333330623,0.0,0.0,8.805333333330623,0.0,1,0.0,A001
EDGE:AISLE:x=8.534400:y=21.361400<->AISLE:x=8.940800:y=21.361400,edge,69,8,23.367999999996826,23.367999999996826,0.0,0.0,23.367999999996826,0.0,1,0.0,A001
EDGE:AISLE:x=8.534400:y=23.647400<->AISLE:x=8.940800:y=23.647400,edge,64,8,21.67466666666192,21.67466666666192,0.0,0.0,21.67466666666192,0.0,1,0.0,A001
EDGE:AISLE:x=8.534400:y=25.933400<->AISLE:x=8.940800:y=25.933400,edge,74,8,25.061333333326843,25.061333333326843,0.0,0.0,25.061333333326843,0.0,1,0.0,A001
EDGE:AISLE:x=8.534400:y=28.219400<->AISLE:x=8.940800:y=28.219400,edge,43,8,14.56266666666393,14.56266666666393,0.0,0.0,14.56266666666393,0.0,1,0.0,A001
EDGE:AISLE:x=8.534400:y=30.505400<->AISLE:x=8.940800:y=30.505400,edge,50,7,16.93333333333142,16.93333333333142,0.0,0.0,16.93333333333142,0.0,1,0.0,A001
EDGE:AISLE:x=8.534400:y=32.791400<->AISLE:x=8.940800:y=32.791400,edge,51,8,17.271999999997064,17.271999999997064,0.0,0.0,17.271999999997064,0.0,1,0.0,A001
EDGE:AISLE:x=8.534400:y=35.077400<->AISLE:x=8.940800:y=35.077400,edge,35,7,11.853333333331435,11.853333333331435,0.0,0.0,11.853333333331435,0.0,1,0.0,A001
EDGE:AISLE:x=8.534400:y=37.363400<->AISLE:x=8.940800:y=37.363400,edge,2,1,0.6773333333333085,0.6773333333333085,0.0,0.0,0.6773333333333085,0.0,1,0.0,A001
EDGE:AISLE:x=8.940800:y=16.027400<->AISLE:x=9.347200:y=16.027400,edge,30,8,10.159999999998787,10.159999999998787,0.0,0.0,10.159999999998787,0.0,1,0.0,A001
EDGE:AISLE:x=8.940800:y=19.075400<->AISLE:x=9.347200:y=19.075400,edge,26,7,8.805333333330623,8.805333333330623,0.0,0.0,8.805333333330623,0.0,1,0.0,A001
EDGE:AISLE:x=8.940800:y=21.361400<->AISLE:x=9.347200:y=21.361400,edge,71,8,24.045333333329907,24.045333333329907,0.0,0.0,24.045333333329907,0.0,1,0.0,A001
EDGE:AISLE:x=8.940800:y=23.647400<->AISLE:x=9.347200:y=23.647400,edge,66,8,22.35199999999523,22.35199999999523,0.0,0.0,22.35199999999523,0.0,1,0.0,A001
EDGE:AISLE:x=8.940800:y=25.933400<->AISLE:x=9.347200:y=25.933400,edge,74,8,25.06133333332707,25.06133333332707,0.0,0.0,25.06133333332707,0.0,1,0.0,A001
EDGE:AISLE:x=8.940800:y=28.219400<->AISLE:x=9.347200:y=28.219400,edge,49,8,16.5946666666634,16.5946666666634,0.0,0.0,16.5946666666634,0.0,1,0.0,A001
EDGE:AISLE:x=8.940800:y=30.505400<->AISLE:x=9.347200:y=30.505400,edge,62,8,20.997333333331156,20.997333333331156,0.0,0.0,20.997333333331156,0.0,1,0.0,A001
EDGE:AISLE:x=8.940800:y=32.791400<->AISLE:x=9.347200:y=32.791400,edge,55,8,18.62666666666368,18.62666666666368,0.0,0.0,18.62666666666368,0.0,1,0.0,A001
EDGE:AISLE:x=8.940800:y=35.077400<->AISLE:x=9.347200:y=35.077400,edge,47,8,15.917333333331115,15.917333333331115,0.0,0.0,15.917333333331115,0.0,1,0.0,A001
EDGE:AISLE:x=8.940800:y=37.363400<->AISLE:x=9.347200:y=37.363400,edge,2,1,0.6773333333333085,0.6773333333333085,0.0,0.0,0.6773333333333085,0.0,1,0.0,A001
EDGE:SUP:CC-08<->SUP:CC-09,edge,180,8,457.200000000072,457.2000000000719,0.0,0.0,457.200000000072,0.0,1,0.0,A001
EDGE:SUP:CC-09<->SUP:CC-10,edge,181,8,344.8050000000533,344.80500000005316,0.0,0.0,344.8050000000534,0.0,1,0.0,A001
EDGE:SUP:CC-10<->SUP:CC-11,edge,182,8,346.71000000004983,346.7100000000496,0.0,0.0,346.71000000004983,0.0,1,0.0,A001
EDGE:SUP:CC-11<->SUP:CC-12,edge,170,8,323.85000000004555,323.8500000000455,0.0,0.0,323.85000000004555,0.0,1,0.0,A001
EDGE:SUP:CC-12<->SUP:CC-13,edge,193,8,367.66500000005857,367.66500000005834,0.0,0.0,367.66500000005857,0.0,1,0.0,A001
EDGE:SUP:CC-13<->SUP:CC-14,edge,155,8,295.27500000003624,295.27500000003613,0.0,0.0,295.27500000003624,0.0,1,0.0,A001
EDGE:SUP:CC-14<->SUP:CC-15,edge,129,8,245.7450000000273,245.7450000000273,0.0,0.0,245.7450000000273,0.0,1,0.0,A001
EDGE:SUP:CC-15<->SUP:CC-16,edge,83,8,158.1150000000154,158.1150000000154,0.0,0.0,158.1150000000154,0.0,1,0.0,A001
EDGE:SUP:CC-16<->SUP:CC-17,edge,7,5,13.335000000001202,13.335000000001202,0.0,0.0,13.335000000001202,0.0,1,0.0,A001
EDGE:SUP:LC-08<->SUP:LC-09,edge,6,3,15.24000000000163,15.24000000000163,0.0,0.0,15.24000000000163,0.0,1,0.0,A001
EDGE:SUP:LC-09<->SUP:LC-10,edge,18,6,34.2900000000071,34.2900000000071,0.0,0.0,34.2900000000071,0.0,1,0.0,A001
EDGE:SUP:LC-10<->SUP:LC-11,edge,27,7,51.43500000000887,51.43500000000887,0.0,0.0,51.43500000000887,0.0,1,0.0,A001
EDGE:SUP:LC-11<->SUP:LC-12,edge,31,8,59.055000000008306,59.055000000008306,0.0,0.0,59.055000000008306,0.0,1,0.0,A001
EDGE:SUP:LC-12<->SUP:LC-13,edge,29,8,55.24500000000779,55.24500000000779,0.0,0.0,55.24500000000779,0.0,1,0.0,A001
EDGE:SUP:LC-13<->SUP:LC-14,edge,20,8,38.10000000000497,38.10000000000497,0.0,0.0,38.10000000000497,0.0,1,0.0,A001
EDGE:SUP:LC-14<->SUP:LC-15,edge,18,7,34.29000000000431,34.29000000000431,0.0,0.0,34.29000000000431,0.0,1,0.0,A001
EDGE:SUP:LC-15<->SUP:LC-16,edge,11,5,20.95500000000189,20.95500000000189,0.0,0.0,20.95500000000189,0.0,1,0.0,A001
EDGE:SUP:RC-09<->SUP:RC-10,edge,13,7,24.765000000004704,24.765000000004704,0.0,0.0,24.765000000004704,0.0,1,0.0,A001
EDGE:SUP:RC-10<->SUP:RC-11,edge,13,5,24.76500000000445,24.76500000000445,0.0,0.0,24.76500000000445,0.0,1,0.0,A001
EDGE:SUP:RC-11<->SUP:RC-12,edge,15,5,28.575000000005815,28.575000000005815,0.0,0.0,28.575000000005815,0.0,1,0.0,A001
EDGE:SUP:RC-12<->SUP:RC-13,edge,16,7,30.48000000000522,30.48000000000522,0.0,0.0,30.48000000000522,0.0,1,0.0,A001
EDGE:SUP:RC-13<->SUP:RC-14,edge,11,6,20.955000000003793,20.955000000003793,0.0,0.0,20.955000000003793,0.0,1,0.0,A001
EDGE:SUP:RC-14<->SUP:RC-15,edge,7,5,13.335000000001855,13.335000000001855,0.0,0.0,13.335000000001855,0.0,1,0.0,A001
EDGE:SUP:RC-15<->SUP:RC-16,edge,4,3,7.620000000001369,7.620000000001369,0.0,0.0,7.620000000001369,0.0,1,0.0,A001
EDGE:SUP:RC-16<->SUP:RC-17,edge,3,3,5.715000000001339,5.715000000001339,0.0,0.0,5.715000000001339,0.0,1,0.0,A001
NODE:AISLE:x=10.236200:y=25.933400,node,2,2,0.6901666666381061,0.0,0.0,0.6901666666381061,0.6901666666381061,0.0,1,0.0,A001
NODE:AISLE:x=10.236200:y=28.219400,node,1,1,0.5249999999999204,0.0,0.0,0.5249999999999204,0.5249999999999204,0.0,1,0.0,A001
NODE:AISLE:x=10.236200:y=30.505400,node,2,2,1.1051666666668325,0.0,0.0,1.1051666666668325,1.1051666666668325,0.0,1,0.0,A001
NODE:AISLE:x=10.236200:y=32.791400,node,2,2,0.41766666665444063,0.0,0.0,0.41766666665444063,0.41766666665444063,0.0,1,0.0,A001
NODE:AISLE:x=11.023600:y=19.075400,node,11,7,30.31750000000102,0.0,30.0,0.31750000000101863,30.31750000000102,0.0,1,0.0,A001
NODE:AISLE:x=11.023600:y=21.361400,node,25,8,67.92466666666587,0.0,66.0,1.9246666666658712,66.82966666666653,1.0949999999993452,2,0.0,A001
NODE:AISLE:x=11.023600:y=23.647400,node,18,6,53.00100000000009,0.0,48.0,5.00100000000009,48.0,5.00100000000009,2,0.0,A001
NODE:AISLE:x=11.023600:y=25.933400,node,1,1,3.0,0.0,3.0,0.0,3.0,0.0,1,0.0,A001
NODE:AISLE:x=11.023600:y=28.219400,node,43,6,119.24066666665385,0.0,84.0,35.24066666665385,84.79299999999057,34.44766666666328,2,0.0,A001
NODE:AISLE:x=11.023600:y=30.505400,node,18,7,51.096000000023196,0.0,51.0,0.09600000002319575,51.096000000023196,0.0,1,0.0,A001
NODE:AISLE:x=11.023600:y=32.791400,node,12,6,36.0,0.0,36.0,0.0,36.0,0.0,1,0.0,A001
NODE:AISLE:x=11.023600:y=35.077400,node,12,6,36.0,0.0,36.0,0.0,36.0,0.0,1,0.0,A001
NODE:AISLE:x=11.023600:y=37.363400,node,1,1,3.0,0.0,3.0,0.0,3.0,0.0,1,0.0,A001
NODE:AISLE:x=11.430000:y=21.361400,node,10,4,30.0,0.0,30.0,0.0,30.0,0.0,1,0.0,A001
NODE:AISLE:x=11.430000:y=23.647400,node,12,4,36.0,0.0,36.0,0.0,36.0,0.0,1,0.0,A001
NODE:AISLE:x=11.430000:y=25.933400,node,3,2,9.0,0.0,9.0,0.0,9.0,0.0,1,0.0,A001
NODE:AISLE:x=11.430000:y=28.219400,node,35,4,101.34533333330728,0.0,84.0,17.34533333330728,84.07333333332099,17.271999999986292,2,0.0,A001
NODE:AISLE:x=11.430000:y=30.505400,node,8,2,24.0,0.0,24.0,0.0,24.0,0.0,1,0.0,A001
NODE:AISLE:x=11.430000:y=32.791400,node,5,1,15.0,0.0,15.0,0.0,15.0,0.0,1,0.0,A001
NODE:AISLE:x=11.430000:y=35.077400,node,3,2,9.0,0.0,9.0,0.0,9.0,0.0,1,0.0,A001
NODE:AISLE:x=11.836400:y=19.075400,node,8,5,18.268333333332635,0.0,18.0,0.26833333333263454,18.268333333332635,0.0,1,0.0,A001
NODE:AISLE:x=11.836400:y=21.361400,node,4,4,12.0,0.0,12.0,0.0,12.0,0.0,1,0.0,A001
NODE:AISLE:x=11.836400:y=25.933400,node,5,4,15.0,0.0,15.0,0.0,15.0,0.0,1,0.0,A001
NODE:AISLE:x=11.836400:y=28.219400,node,33,4,92.33099999998205,0.0,90.0,2.3309999999820548,90.61199999999565,1.7189999999864085,2,0.0,A001
NODE:AISLE:x=11.836400:y=30.505400,node,33,5,94.97566666666683,0.0,78.00000000000003,16.975666666666797,78.17800000000003,16.7976666666668,2,0.0,A001
NODE:AISLE:x=11.836400:y=35.077400,node,7,4,21.0,0.0,21.0,0.0,21.0,0.0,1,0.0,A001
NODE:AISLE:x=12.293600:y=19.075400,node,9,4,24.06766666666954,0.0,24.0,0.06766666666953824,24.06766666666954,0.0,1,0.0,A001
NODE:AISLE:x=12.293600:y=21.361400,node,9,4,27.0,0.0,27.0,0.0,27.0,0.0,1,0.0,A001
NODE:AISLE:x=12.293600:y=23.647400,node,1,1,3.0,0.0,3.0,0.0,3.0,0.0,1,0.0,A001
NODE:AISLE:x=12.293600:y=25.933400,node,1,1,3.0,0.0,3.0,0.0,3.0,0.0,1,0.0,A001
NODE:AISLE:x=12.293600:y=28.219400,node,21,4,63.0,0.0,63.0,0.0,63.0,0.0,1,0.0,A001
NODE:AISLE:x=12.293600:y=32.791400,node,4,4,12.000000000000014,0.0,12.000000000000014,0.0,12.000000000000014,0.0,1,0.0,A001
NODE:AISLE:x=12.293600:y=37.363400,node,1,1,3.0,0.0,3.0,0.0,3.0,0.0,1,0.0,A001
NODE:AISLE:x=12.700000:y=19.075400,node,11,5,30.23433333333378,0.0,30.0,0.2343333333337796,30.23433333333378,0.0,1,0.0,A001
NODE:AISLE:x=12.700000:y=21.361400,node,15,5,45.0,0.0,45.0,0.0,45.0,0.0,1,0.0,A001
NODE:AISLE:x=12.700000:y=28.219400,node,4,2,12.0,0.0,12.0,0.0,12.0,0.0,1,0.0,A001
NODE:AISLE:x=12.700000:y=30.505400,node,2,2,6.0,0.0,6.0,0.0,6.0,0.0,1,0.0,A001
NODE:AISLE:x=12.700000:y=35.077400,node,3,3,9.0,0.0,9.0,0.0,9.0,0.0,1,0.0,A001
NODE:AISLE:x=13.106400:y=19.075400,node,9,4,27.0,0.0,27.0,0.0,27.0,0.0,1,0.0,A001
NODE:AISLE:x=13.106400:y=25.933400,node,1,1,0.24000000000012278,0.0,0.0,0.24000000000012278,0.24000000000012278,0.0,1,0.0,A001
NODE:AISLE:x=13.106400:y=28.219400,node,15,5,39.502333333320166,0.0,39.0,0.5023333333201663,39.502333333320166,0.0,1,0.0,A001
NODE:AISLE:x=13.106400:y=30.505400,node,2,2,6.0,0.0,6.0,0.0,6.0,0.0,1,0.0,A001
NODE:AISLE:x=13.106400:y=35.077400,node,1,1,3.0,0.0,3.0,0.0,3.0,0.0,1,0.0,A001
NODE:AISLE:x=13.563600:y=16.027400,node,12,4,36.0,0.0,36.0,0.0,36.0,0.0,1,0.0,A001
NODE:AISLE:x=13.563600:y=19.075400,node,12,3,34.0299999999952,0.0,33.0,1.0299999999951979,33.0,1.0299999999951979,2,0.0,A001
NODE:AISLE:x=13.563600:y=21.361400,node,4,2,12.0,0.0,12.0,0.0,12.0,0.0,1,0.0,A001
NODE:AISLE:x=13.563600:y=23.647400,node,1,1,3.0,0.0,3.0,0.0,3.0,0.0,1,0.0,A001
NODE:AISLE:x=13.563600:y=25.933400,node,2,1,6.0,0.0,6.0,0.0,6.0,0.0,1,0.0,A001
NODE:AISLE:x=13.563600:y=28.219400,node,14,7,42.0,0.0,42.0,0.0,42.0,0.0,1,0.0,A001
NODE:AISLE:x=13.563600:y=32.791400,node,2,2,6.0,0.0,6.0,0.0,6.0,0.0,1,0.0,A001
NODE:AISLE:x=13.970000:y=16.027400,node,5,1,15.0,0.0,15.0,0.0,15.0,0.0,1,0.0,A001
NODE:AISLE:x=13.970000:y=21.361400,node,1,1,0.005666666666002129,0.0,0.0,0.005666666666002129,0.005666666666002129,0.0,1,0.0,A001
NODE:AISLE:x=13.970000:y=23.647400,node,2,2,6.0,0.0,6.0,0.0,6.0,0.0,1,0.0,A001
NODE:AISLE:x=13.970000:y=28.219400,node,17,4,51.0,0.0,51.0,0.0,51.0,0.0,1,0.0,A001
NODE:AISLE:x=13.970000:y=30.505400,node,3,2,9.0,0.0,9.0,0.0,9.0,0.0,1,0.0,A001
NODE:AISLE:x=13.970000:y=32.791400,node,4,2,12.0,0.0,12.0,0.0,12.0,0.0,1,0.0,A001
NODE:AISLE:x=14.376400:y=16.027400,node,5,1,15.0,0.0,15.0,0.0,15.0,0.0,1,0.0,A001
NODE:AISLE:x=14.376400:y=19.075400,node,10,3,30.0,0.0,30.0,0.0,30.0,0.0,1,0.0,A001
NODE:AISLE:x=14.376400:y=21.361400,node,3,3,9.0,0.0,9.0,0.0,9.0,0.0,1,0.0,A001
NODE:AISLE:x=14.376400:y=25.933400,node,4,2,12.0,0.0,12.0,0.0,12.0,0.0,1,0.0,A001
NODE:AISLE:x=14.376400:y=28.219400,node,13,5,39.0,0.0,39.0,0.0,39.0,0.0,1,0.0,A001
NODE:AISLE:x=14.376400:y=32.791400,node,5,3,15.0,0.0,15.0,0.0,15.0,0.0,1,0.0,A001
NODE:AISLE:x=14.376400:y=35.077400,node,3,2,9.0,0.0,9.0,0.0,9.0,0.0,1,0.0,A001
NODE:AISLE:x=14.833600:y=16.027400,node,7,2,21.0,0.0,21.0,0.0,21.0,0.0,1,0.0,A001
NODE:AISLE:x=14.833600:y=21.361400,node,21,4,63.0,0.0,63.0,0.0,63.0,0.0,1,0.0,A001
NODE:AISLE:x=14.833600:y=25.933400,node,8,5,24.0,0.0,24.0,0.0,24.0,0.0,1,0.0,A001
NODE:AISLE:x=14.833600:y=28.219400,node,30,7,87.24416666668367,0.0,87.0,0.24416666668366815,87.24416666668367,0.0,1,0.0,A001
NODE:AISLE:x=14.833600:y=32.791400,node,5,1,15.0,0.0,15.0,0.0,15.0,0.0,1,0.0,A001
NODE:AISLE:x=14.833600:y=35.077400,node,2,2,6.0,0.0,6.0,0.0,6.0,0.0,1,0.0,A001
NODE:AISLE:x=15.240000:y=16.027400,node,1,1,3.0,0.0,3.0,0.0,3.0,0.0,1,0.0,A001
NODE:AISLE:x=15.240000:y=19.075400,node,8,4,24.0,0.0,24.0,0.0,24.0,0.0,1,0.0,A001
NODE:AISLE:x=15.240000:y=21.361400,node,16,5,48.0,0.0,48.0,0.0,48.0,0.0,1,0.0,A001
NODE:AISLE:x=15.240000:y=23.647400,node,1,1,3.0,0.0,3.0,0.0,3.0,0.0,1,0.0,A001
NODE:AISLE:x=15.240000:y=25.933400,node,1,1,3.0,0.0,3.0,0.0,3.0,0.0,1,0.0,A001
NODE:AISLE:x=15.240000:y=28.219400,node,37,7,104.10533333331693,0.0,102.0,2.105333333316935,102.37266666666835,1.7326666666485835,2,0.0,A001
NODE:AISLE:x=15.240000:y=32.791400,node,1,1,3.0,0.0,3.0,0.0,3.0,0.0,1,0.0,A001
NODE:AISLE:x=15.240000:y=35.077400,node,3,1,9.0,0.0,9.0,0.0,9.0,0.0,1,0.0,A001
NODE:AISLE:x=15.240000:y=37.363400,node,2,1,6.0,0.0,6.0,0.0,6.0,0.0,1,0.0,A001
NODE:AISLE:x=15.646400:y=19.075400,node,4,3,9.053666666664867,0.0,9.0,0.05366666666486708,9.053666666664867,0.0,1,0.0,A001
NODE:AISLE:x=15.646400:y=21.361400,node,14,4,42.0,0.0,42.0,0.0,42.0,0.0,1,0.0,A001
NODE:AISLE:x=15.646400:y=23.647400,node,3,3,9.0,0.0,9.0,0.0,9.0,0.0,1,0.0,A001
NODE:AISLE:x=15.646400:y=25.933400,node,2,2,6.0,0.0,6.0,0.0,6.0,0.0,1,0.0,A001
NODE:AISLE:x=15.646400:y=28.219400,node,47,8,138.1806666666667,0.0,138.00000000000003,0.180666666666653,138.00000000000003,0.180666666666653,2,0.0,A001
NODE:AISLE:x=15.646400:y=30.505400,node,4,2,12.0,0.0,12.0,0.0,12.0,0.0,1,0.0,A001
NODE:AISLE:x=15.646400:y=32.791400,node,6,2,18.0,0.0,18.0,0.0,18.0,0.0,1,0.0,A001
NODE:AISLE:x=15.646400:y=35.077400,node,2,2,6.0,0.0,6.0,0.0,6.0,0.0,1,0.0,A001
NODE:AISLE:x=15.646400:y=37.363400,node,1,1,3.0,0.0,3.0,0.0,3.0,0.0,1,0.0,A001
NODE:AISLE:x=16.103600:y=16.027400,node,10,2,30.000000000000004,0.0,30.000000000000004,0.0,30.000000000000004,0.0,1,0.0,A001
NODE:AISLE:x=16.103600:y=19.075400,node,8,2,24.0,0.0,24.0,0.0,24.0,0.0,1,0.0,A001
NODE:AISLE:x=16.103600:y=21.361400,node,5,3,15.0,0.0,15.0,0.0,15.0,0.0,1,0.0,A001
NODE:AISLE:x=16.103600:y=23.647400,node,2,2,6.0,0.0,6.0,0.0,6.0,0.0,1,0.0,A001
NODE:AISLE:x=16.103600:y=25.933400,node,1,1,3.0,0.0,3.0,0.0,3.0,0.0,1,0.0,A001
NODE:AISLE:x=16.103600:y=28.219400,node,31,7,90.04233333333286,0.0,90.0,0.04233333333286282,90.04233333333286,0.0,1,0.0,A001
NODE:AISLE:x=16.103600:y=30.505400,node,5,3,15.0,0.0,15.0,0.0,15.0,0.0,1,0.0,A001
NODE:AISLE:x=16.103600:y=32.791400,node,1,1,3.0,0.0,3.0,0.0,3.0,0.0,1,0.0,A001
NODE:AISLE:x=16.510000:y=16.027400,node,4,1,12.000000000000002,0.0,12.000000000000002,0.0,12.000000000000002,0.0,1,0.0,A001
NODE:AISLE:x=16.510000:y=19.075400,node,14,6,42.0,0.0,42.0,0.0,42.0,0.0,1,0.0,A001
NODE:AISLE:x=16.510000:y=21.361400,node,5,3,15.0,0.0,15.0,0.0,15.0,0.0,1,0.0,A001
NODE:AISLE:x=16.510000:y=25.933400,node,1,1,3.0,0.0,3.0,0.0,3.0,0.0,1,0.0,A001
NODE:AISLE:x=16.510000:y=28.219400,node,64,8,191.5596666666653,0.0,150.0,41.559666666665294,150.33866666666654,34.52399999999864,3,0.0,A001
NODE:AISLE:x=16.510000:y=30.505400,node,3,1,9.0,0.0,9.0,0.0,9.0,0.0,1,0.0,A001
NODE:AISLE:x=16.510000:y=35.077400,node,3,2,9.0,0.0,9.0,0.0,9.0,0.0,1,0.0,A001
NODE:AISLE:x=16.916400:y=16.027400,node,1,1,3.000000000000001,0.0,3.000000000000001,0.0,3.000000000000001,0.0,1,0.0,A001
NODE:AISLE:x=16.916400:y=19.075400,node,14,3,42.0,0.0,42.0,0.0,42.0,0.0,1,0.0,A001
NODE:AISLE:x=16.916400:y=21.361400,node,1,1,3.0,0.0,3.0,0.0,3.0,0.0,1,0.0,A001
NODE:AISLE:x=16.916400:y=23.647400,node,1,1,3.0,0.0,3.0,0.0,3.0,0.0,1,0.0,A001
NODE:AISLE:x=16.916400:y=25.933400,node,3,3,9.0,0.0,9.0,0.0,9.0,0.0,1,0.0,A001
NODE:AISLE:x=16.916400:y=28.219400,node,32,8,92.75999999999112,0.0,90.0,2.7599999999911233,90.0,2.7599999999911233,2,0.0,A001
NODE:AISLE:x=16.916400:y=30.505400,node,1,1,3.0,0.0,3.0,0.0,3.0,0.0,1,0.0,A001
NODE:AISLE:x=2.184400:y=16.027400,node,2,1,6.0,0.0,6.0,0.0,6.0,0.0,1,0.0,A001
NODE:AISLE:x=2.184400:y=19.075400,node,2,2,6.0,0.0,6.0,0.0,6.0,0.0,1,0.0,A001
NODE:AISLE:x=2.184400:y=21.361400,node,2,2,6.0,0.0,6.0,0.0,6.0,0.0,1,0.0,A001
NODE:AISLE:x=2.184400:y=23.647400,node,12,4,36.0,0.0,36.0,0.0,36.0,0.0,1,0.0,A001
NODE:AISLE:x=2.184400:y=28.219400,node,7,3,18.192000000000007,0.0,18.0,0.19200000000000728,18.192000000000007,0.0,1,0.0,A001
NODE:AISLE:x=2.184400:y=30.505400,node,4,4,12.0,0.0,12.0,0.0,12.0,0.0,1,0.0,A001
NODE:AISLE:x=2.184400:y=32.791400,node,2,1,6.0,0.0,6.0,0.0,6.0,0.0,1,0.0,A001
NODE:AISLE:x=2.590800:y=16.027400,node,1,1,3.0,0.0,3.0,0.0,3.0,0.0,1,0.0,A001
NODE:AISLE:x=2.590800:y=21.361400,node,4,2,9.24266666666665,0.0,9.0,0.2426666666666506,9.24266666666665,0.0,1,0.0,A001
NODE:AISLE:x=2.590800:y=23.647400,node,21,4,61.102166666663834,0.0,54.0,7.102166666663834,54.0,7.102166666663834,2,0.0,A001
NODE:AISLE:x=2.590800:y=30.505400,node,9,3,27.0,0.0,27.0,0.0,27.0,0.0,1,0.0,A001
NODE:AISLE:x=2.590800:y=32.791400,node,7,5,21.0,0.0,21.0,0.0,21.0,0.0,1,0.0,A001
NODE:AISLE:x=2.590800:y=35.077400,node,7,2,21.0,0.0,21.0,0.0,21.0,0.0,1,0.0,A001
NODE:AISLE:x=2.997200:y=16.027400,node,2,1,6.0,0.0,6.0,0.0,6.0,0.0,1,0.0,A001
NODE:AISLE:x=2.997200:y=21.361400,node,4,3,12.0,0.0,12.0,0.0,12.0,0.0,1,0.0,A001
NODE:AISLE:x=2.997200:y=23.647400,node,5,3,15.0,0.0,15.0,0.0,15.0,0.0,1,0.0,A001
NODE:AISLE:x=2.997200:y=28.219400,node,1,1,3.0,0.0,3.0,0.0,3.0,0.0,1,0.0,A001
NODE:AISLE:x=2.997200:y=32.791400,node,1,1,3.0,0.0,3.0,0.0,3.0,0.0,1,0.0,A001
NODE:AISLE:x=2.997200:y=35.077400,node,1,1,0.2793333333335113,0.0,0.0,0.2793333333335113,0.2793333333335113,0.0,1,0.0,A001
NODE:AISLE:x=3.454400:y=16.027400,node,4,1,12.0,0.0,12.0,0.0,12.0,0.0,1,0.0,A001
NODE:AISLE:x=3.454400:y=19.075400,node,1,1,3.0,0.0,3.0,0.0,3.0,0.0,1,0.0,A001
NODE:AISLE:x=3.454400:y=21.361400,node,2,1,6.0,0.0,6.0,0.0,6.0,0.0,1,0.0,A001
NODE:AISLE:x=3.454400:y=23.647400,node,5,3,15.0,0.0,15.0,0.0,15.0,0.0,1,0.0,A001
NODE:AISLE:x=3.454400:y=25.933400,node,1,1,3.0,0.0,3.0,0.0,3.0,0.0,1,0.0,A001
NODE:AISLE:x=3.454400:y=28.219400,node,5,2,15.0,0.0,15.0,0.0,15.0,0.0,1,0.0,A001
NODE:AISLE:x=3.454400:y=30.505400,node,3,2,9.0,0.0,9.0,0.0,9.0,0.0,1,0.0,A001
NODE:AISLE:x=3.454400:y=32.791400,node,1,1,3.0,0.0,3.0,0.0,3.0,0.0,1,0.0,A001
NODE:AISLE:x=3.860800:y=16.027400,node,7,5,21.0,0.0,21.0,0.0,21.0,0.0,1,0.0,A001
NODE:AISLE:x=3.860800:y=19.075400,node,2,2,6.0,0.0,6.0,0.0,6.0,0.0,1,0.0,A001
NODE:AISLE:x=3.860800:y=21.361400,node,4,3,12.0,0.0,12.0,0.0,12.0,0.0,1,0.0,A001
NODE:AISLE:x=3.860800:y=23.647400,node,11,4,33.0,0.0,33.0,0.0,33.0,0.0,1,0.0,A001
NODE:AISLE:x=3.860800:y=25.933400,node,12,4,36.0,0.0,36.0,0.0,36.0,0.0,1,0.0,A001
NODE:AISLE:x=3.860800:y=28.219400,node,4,2,12.0,0.0,12.0,0.0,12.0,0.0,1,0.0,A001
NODE:AISLE:x=3.860800:y=30.505400,node,9,1,27.0,0.0,27.0,0.0,27.0,0.0,1,0.0,A001
NODE:AISLE:x=3.860800:y=32.791400,node,5,2,15.0,0.0,15.0,0.0,15.0,0.0,1,0.0,A001
NODE:AISLE:x=3.860800:y=35.077400,node,5,3,15.0,0.0,15.0,0.0,15.0,0.0,1,0.0,A001
NODE:AISLE:x=4.267200:y=16.027400,node,8,1,24.000000000000007,0.0,24.000000000000007,0.0,24.000000000000007,0.0,1,0.0,A001
NODE:AISLE:x=4.267200:y=21.361400,node,4,2,12.0,0.0,12.0,0.0,12.0,0.0,1,0.0,A001
NODE:AISLE:x=4.267200:y=23.647400,node,2,2,6.0,0.0,6.0,0.0,6.0,0.0,1,0.0,A001
NODE:AISLE:x=4.267200:y=25.933400,node,22,4,66.0,0.0,66.0,0.0,66.0,0.0,1,0.0,A001
NODE:AISLE:x=4.267200:y=28.219400,node,3,2,9.0,0.0,9.0,0.0,9.0,0.0,1,0.0,A001
NODE:AISLE:x=4.267200:y=30.505400,node,3,2,9.0,0.0,9.0,0.0,9.0,0.0,1,0.0,A001
NODE:AISLE:x=4.267200:y=35.077400,node,2,2,6.0,0.0,6.0,0.0,6.0,0.0,1,0.0,A001
NODE:AISLE:x=4.724400:y=16.027400,node,9,3,27.0,0.0,27.0,0.0,27.0,0.0,1,0.0,A001
NODE:AISLE:x=4.724400:y=19.075400,node,6,2,18.0,0.0,18.0,0.0,18.0,0.0,1,0.0,A001
NODE:AISLE:x=4.724400:y=21.361400,node,10,4,30.0,0.0,30.0,0.0,30.0,0.0,1,0.0,A001
NODE:AISLE:x=4.724400:y=23.647400,node,11,5,30.13833333333389,0.0,30.0,0.13833333333388964,30.13833333333389,0.0,1,0.0,A001
NODE:AISLE:x=4.724400:y=25.933400,node,9,5,27.0,0.0,27.0,0.0,27.0,0.0,1,0.0,A001
NODE:AISLE:x=4.724400:y=28.219400,node,16,7,48.0,0.0,48.0,0.0,48.0,0.0,1,0.0,A001
NODE:AISLE:x=4.724400:y=30.505400,node,4,3,12.0,0.0,12.0,0.0,12.0,0.0,1,0.0,A001
NODE:AISLE:x=4.724400:y=32.791400,node,9,5,27.0,0.0,27.0,0.0,27.0,0.0,1,0.0,A001
NODE:AISLE:x=4.724400:y=35.077400,node,2,2,6.0,0.0,6.0,0.0,6.0,0.0,1,0.0,A001
NODE:AISLE:x=5.130800:y=16.027400,node,7,1,21.000000000000007,0.0,21.000000000000007,0.0,21.000000000000007,0.0,1,0.0,A001
NODE:AISLE:x=5.130800:y=19.075400,node,5,2,12.132666666668229,0.0,12.0,0.13266666666822857,12.132666666668229,0.0,1,0.0,A001
NODE:AISLE:x=5.130800:y=21.361400,node,7,2,21.0,0.0,21.0,0.0,21.0,0.0,1,0.0,A001
NODE:AISLE:x=5.130800:y=23.647400,node,9,4,27.0,0.0,27.0,0.0,27.0,0.0,1,0.0,A001
NODE:AISLE:x=5.130800:y=25.933400,node,9,4,27.0,0.0,27.0,0.0,27.0,0.0,1,0.0,A001
NODE:AISLE:x=5.130800:y=28.219400,node,3,2,9.0,0.0,9.0,0.0,9.0,0.0,1,0.0,A001
NODE:AISLE:x=5.130800:y=30.505400,node,3,1,9.0,0.0,9.0,0.0,9.0,0.0,1,0.0,A001
NODE:AISLE:x=5.130800:y=32.791400,node,19,4,57.0,0.0,57.0,0.0,57.0,0.0,1,0.0,A001
NODE:AISLE:x=5.130800:y=35.077400,node,2,1,6.0,0.0,6.0,0.0,6.0,0.0,1,0.0,A001
NODE:AISLE:x=5.537200:y=19.075400,node,5,3,15.0,0.0,15.0,0.0,15.0,0.0,1,0.0,A001
NODE:AISLE:x=5.537200:y=21.361400,node,10,3,30.0,0.0,30.0,0.0,30.0,0.0,1,0.0,A001
NODE:AISLE:x=5.537200:y=23.647400,node,11,5,33.0,0.0,33.0,0.0,33.0,0.0,1,0.0,A001
NODE:AISLE:x=5.537200:y=25.933400,node,8,3,24.0,0.0,24.0,0.0,24.0,0.0,1,0.0,A001
NODE:AISLE:x=5.537200:y=28.219400,node,16,6,48.0,0.0,48.0,0.0,48.0,0.0,1,0.0,A001
NODE:AISLE:x=5.537200:y=30.505400,node,4,2,12.0,0.0,12.0,0.0,12.0,0.0,1,0.0,A001
NODE:AISLE:x=5.537200:y=32.791400,node,1,1,3.0,0.0,3.0,0.0,3.0,0.0,1,0.0,A001
NODE:AISLE:x=5.994400:y=19.075400,node,5,2,15.0,0.0,15.0,0.0,15.0,0.0,1,0.0,A001
NODE:AISLE:x=5.994400:y=21.361400,node,2,2,6.0,0.0,6.0,0.0,6.0,0.0,1,0.0,A001
NODE:AISLE:x=5.994400:y=23.647400,node,16,6,46.478999999999814,0.0,42.0,4.4789999999998145,42.0,4.4789999999998145,2,0.0,A001
NODE:AISLE:x=5.994400:y=25.933400,node,4,3,12.0,0.0,12.0,0.0,12.0,0.0,1,0.0,A001
NODE:AISLE:x=5.994400:y=28.219400,node,12,4,36.0,0.0,36.0,0.0,36.0,0.0,1,0.0,A001
NODE:AISLE:x=5.994400:y=32.791400,node,3,3,9.0,0.0,9.0,0.0,9.0,0.0,1,0.0,A001
NODE:AISLE:x=5.994400:y=35.077400,node,3,2,9.0,0.0,9.0,0.0,9.0,0.0,1,0.0,A001
NODE:AISLE:x=6.400800:y=16.027400,node,4,1,12.0,0.0,12.0,0.0,12.0,0.0,1,0.0,A001
NODE:AISLE:x=6.400800:y=19.075400,node,6,3,18.0,0.0,18.0,0.0,18.0,0.0,1,0.0,A001
NODE:AISLE:x=6.400800:y=23.647400,node,10,5,27.07899999999995,0.0,27.0,0.07899999999995089,27.07899999999995,0.0,1,0.0,A001
NODE:AISLE:x=6.400800:y=25.933400,node,20,6,60.0,0.0,60.0,0.0,60.0,0.0,1,0.0,A001
NODE:AISLE:x=6.400800:y=28.219400,node,13,5,39.0,0.0,39.0,0.0,39.0,0.0,1,0.0,A001
NODE:AISLE:x=6.400800:y=30.505400,node,2,1,6.0,0.0,6.0,0.0,6.0,0.0,1,0.0,A001
NODE:AISLE:x=6.400800:y=32.791400,node,6,4,18.0,0.0,18.0,0.0,18.0,0.0,1,0.0,A001
NODE:AISLE:x=6.807200:y=19.075400,node,7,2,21.0,0.0,21.0,0.0,21.0,0.0,1,0.0,A001
NODE:AISLE:x=6.807200:y=21.361400,node,8,4,24.0,0.0,24.0,0.0,24.0,0.0,1,0.0,A001
NODE:AISLE:x=6.807200:y=23.647400,node,14,5,42.0,0.0,42.0,0.0,42.0,0.0,1,0.0,A001
NODE:AISLE:x=6.807200:y=25.933400,node,35,5,105.0,0.0,105.0,0.0,105.0,0.0,1,0.0,A001
NODE:AISLE:x=6.807200:y=28.219400,node,4,2,12.0,0.0,12.0,0.0,12.0,0.0,1,0.0,A001
NODE:AISLE:x=6.807200:y=30.505400,node,1,1,3.0,0.0,3.0,0.0,3.0,0.0,1,0.0,A001
NODE:AISLE:x=6.807200:y=32.791400,node,1,1,3.0,0.0,3.0,0.0,3.0,0.0,1,0.0,A001
NODE:AISLE:x=6.807200:y=35.077400,node,2,1,6.0,0.0,6.0,0.0,6.0,0.0,1,0.0,A001
NODE:AISLE:x=7.264400:y=16.027400,node,14,2,42.0,0.0,42.0,0.0,42.0,0.0,1,0.0,A001
NODE:AISLE:x=7.264400:y=19.075400,node,3,1,9.0,0.0,9.0,0.0,9.0,0.0,1,0.0,A001
NODE:AISLE:x=7.264400:y=21.361400,node,21,6,54.35333333333244,0.0,54.0,0.35333333333244354,54.35333333333244,0.0,1,0.0,A001
NODE:AISLE:x=7.264400:y=23.647400,node,9,4,27.0,0.0,27.0,0.0,27.0,0.0,1,0.0,A001
NODE:AISLE:x=7.264400:y=25.933400,node,42,5,121.00616666665519,0.0,96.0,25.00616666665519,96.0,25.00616666665519,2,0.0,A001
NODE:AISLE:x=7.264400:y=28.219400,node,2,2,6.000000000000014,0.0,6.000000000000014,0.0,6.000000000000014,0.0,1,0.0,A001
NODE:AISLE:x=7.264400:y=30.505400,node,3,3,9.0,0.0,9.0,0.0,9.0,0.0,1,0.0,A001
NODE:AISLE:x=7.264400:y=32.791400,node,7,5,21.0,0.0,21.0,0.0,21.0,0.0,1,0.0,A001
NODE:AISLE:x=7.264400:y=35.077400,node,5,2,15.0,0.0,15.0,0.0,15.0,0.0,1,0.0,A001
NODE:AISLE:x=7.670800:y=19.075400,node,4,1,12.0,0.0,12.0,0.0,12.0,0.0,1,0.0,A001
NODE:AISLE:x=7.670800:y=21.361400,node,26,7,73.43366666665565,0.0,69.0,4.433666666655654,69.33866666665563,4.095000000000027,2,0.0,A001
NODE:AISLE:x=7.670800:y=23.647400,node,12,4,33.00566666666646,0.0,33.0,0.0056666666664568766,33.00566666666646,0.0,1,0.0,A001
NODE:AISLE:x=7.670800:y=25.933400,node,33,6,97.41966666667031,0.0,87.0,10.41966666667031,87.0,10.41966666667031,2,0.0,A001
NODE:AISLE:x=7.670800:y=28.219400,node,4,3,12.0,0.0,12.0,0.0,12.0,0.0,1,0.0,A001
NODE:AISLE:x=7.670800:y=30.505400,node,19,4,57.0,0.0,57.0,0.0,57.0,0.0,1,0.0,A001
NODE:AISLE:x=7.670800:y=32.791400,node,7,4,21.0,0.0,21.0,0.0,21.0,0.0,1,0.0,A001
NODE:AISLE:x=7.670800:y=35.077400,node,7,3,18.0113333333328,0.0,15.0,3.0113333333328,15.0,3.0113333333328,2,0.0,A001
NODE:AISLE:x=8.077200:y=16.027400,node,1,1,0.30200000000004934,0.0,0.0,0.30200000000004934,0.30200000000004934,0.0,1,0.0,A001
NODE:AISLE:x=8.077200:y=19.075400,node,2,1,6.0,0.0,6.0,0.0,6.0,0.0,1,0.0,A001
NODE:AISLE:x=8.077200:y=21.361400,node,29,7,82.8089999999995,0.0,80.99999999999999,1.8089999999995143,81.04233333333285,1.7666666666666515,2,0.0,A001
NODE:AISLE:x=8.077200:y=23.647400,node,12,5,36.0,0.0,36.0,0.0,36.0,0.0,1,0.0,A001
NODE:AISLE:x=8.077200:y=25.933400,node,19,6,54.276666666661185,0.0,54.0,0.27666666666118545,54.276666666661185,0.0,1,0.0,A001
NODE:AISLE:x=8.077200:y=28.219400,node,2,2,6.0,0.0,6.0,0.0,6.0,0.0,1,0.0,A001
NODE:AISLE:x=8.077200:y=30.505400,node,15,3,45.0,0.0,45.0,0.0,45.0,0.0,1,0.0,A001
NODE:AISLE:x=8.077200:y=32.791400,node,2,1,6.0,0.0,6.0,0.0,6.0,0.0,1,0.0,A001
NODE:AISLE:x=8.077200:y=37.363400,node,1,1,3.0,0.0,3.0,0.0,3.0,0.0,1,0.0,A001
NODE:AISLE:x=8.534400:y=19.075400,node,5,3,15.0,0.0,15.0,0.0,15.0,0.0,1,0.0,A001
NODE:AISLE:x=8.534400:y=21.361400,node,12,7,24.722666666724336,0.0,24.0,0.7226666667243364,24.488333333361453,0.23433333336288342,2,0.0,A001
NODE:AISLE:x=8.534400:y=23.647400,node,4,1,12.0,0.0,12.0,0.0,12.0,0.0,1,0.0,A001
NODE:AISLE:x=8.534400:y=25.933400,node,14,5,42.0,0.0,42.0,0.0,42.0,0.0,1,0.0,A001
NODE:AISLE:x=8.534400:y=28.219400,node,9,2,27.0,0.0,27.0,0.0,27.0,0.0,1,0.0,A001
NODE:AISLE:x=8.534400:y=30.505400,node,15,4,44.683666666666454,0.0,39.0,5.683666666666454,39.0,5.683666666666454,2,0.0,A001
NODE:AISLE:x=8.534400:y=32.791400,node,9,2,27.0,0.0,27.0,0.0,27.0,0.0,1,0.0,A001
NODE:AISLE:x=8.534400:y=35.077400,node,1,1,3.0,0.0,3.0,0.0,3.0,0.0,1,0.0,A001
NODE:AISLE:x=8.940800:y=16.027400,node,4,3,12.0,0.0,12.0,0.0,12.0,0.0,1,0.0,A001
NODE:AISLE:x=8.940800:y=21.361400,node,1,1,3.0,0.0,3.0,0.0,3.0,0.0,1,0.0,A001
NODE:AISLE:x=8.940800:y=23.647400,node,3,3,6.144000000000233,0.0,6.0,0.14400000000023283,6.144000000000233,0.0,1,0.0,A001
NODE:AISLE:x=8.940800:y=25.933400,node,15,5,42.05066666668063,0.0,42.0,0.050666666680626804,42.05066666668063,0.0,1,0.0,A001
NODE:AISLE:x=8.940800:y=28.219400,node,6,3,18.0,0.0,18.0,0.0,18.0,0.0,1,0.0,A001
NODE:AISLE:x=8.940800:y=30.505400,node,10,4,30.0,0.0,30.0,0.0,30.0,0.0,1,0.0,A001
NODE:AISLE:x=8.940800:y=32.791400,node,6,5,18.0,0.0,18.0,0.0,18.0,0.0,1,0.0,A001
NODE:AISLE:x=8.940800:y=35.077400,node,7,5,21.0,0.0,21.0,0.0,21.0,0.0,1,0.0,A001
NODE:AISLE:x=9.347200:y=16.027400,node,8,4,24.0,0.0,24.0,0.0,24.0,0.0,1,0.0,A001
NODE:AISLE:x=9.347200:y=19.075400,node,9,6,27.0,0.0,27.0,0.0,27.0,0.0,1,0.0,A001
NODE:AISLE:x=9.347200:y=21.361400,node,18,6,46.92200000002117,0.0,45.0,1.9220000000211712,45.827000000021144,1.0950000000000273,2,0.0,A001
NODE:AISLE:x=9.347200:y=23.647400,node,7,5,21.0,0.0,21.0,0.0,21.0,0.0,1,0.0,A001
NODE:AISLE:x=9.347200:y=25.933400,node,15,5,39.266500000016094,0.0,39.0,0.2665000000160944,39.266500000016094,0.0,1,0.0,A001
NODE:AISLE:x=9.347200:y=28.219400,node,17,5,48.296333333339135,0.0,48.0,0.2963333333391347,48.296333333339135,0.0,1,0.0,A001
NODE:AISLE:x=9.347200:y=30.505400,node,37,8,107.47916666668965,0.0,102.0,5.47916666668965,102.22000000002299,5.259166666666658,2,0.0,A001
NODE:AISLE:x=9.347200:y=32.791400,node,22,6,66.0,0.0,66.0,0.0,66.0,0.0,1,0.0,A001
NODE:AISLE:x=9.347200:y=35.077400,node,1,1,3.0,0.0,3.0,0.0,3.0,0.0,1,0.0,A001
NODE:SUP:CC-08,node,30,8,147.2875000000516,0.0,0.0,147.28750000005158,72.97133333336487,27.940000000006982,7,0.0,A001
NODE:SUP:CC-09,node,31,8,44.50633333339783,0.0,0.0,44.50633333339783,43.092333333397164,1.4140000000006694,2,0.0,A001
NODE:SUP:CC-10,node,30,8,30.9694999999941,0.0,0.0,30.9694999999941,30.9694999999941,0.0,1,0.0,A001
NODE:SUP:CC-11,node,26,8,23.419000000056513,0.0,0.0,23.419000000056513,23.419000000056513,0.0,1,0.0,A001
NODE:SUP:CC-12,node,20,7,24.18250000000225,0.0,0.0,24.18250000000225,23.59250000000256,0.5899999999996908,2,0.0,A001
NODE:SUP:CC-13,node,23,8,20.797666666685156,0.0,0.0,20.797666666685156,20.797666666685156,0.0,1,0.0,A001
NODE:SUP:CC-14,node,7,4,4.306666666681025,0.0,0.0,4.306666666681025,4.306666666681025,0.0,1,0.0,A001
NODE:SUP:CC-15,node,6,4,5.6073333333335,0.0,0.0,5.6073333333335,5.6073333333335,0.0,1,0.0,A001
NODE:SUP:CC-16,node,2,2,2.568333333333328,0.0,0.0,2.568333333333328,2.568333333333328,0.0,1,0.0,A001
NODE:SUP:LC-09,node,1,1,0.931333333337534,0.0,0.0,0.931333333337534,0.931333333337534,0.0,1,0.0,A001
NODE:SUP:LC-11,node,3,3,3.0098333333327503,0.0,0.0,3.0098333333327503,3.0098333333327503,0.0,1,0.0,A001
NODE:SUP:LC-12,node,1,1,1.0723333333444316,0.0,0.0,1.0723333333444316,1.0723333333444316,0.0,1,0.0,A001
