method,wave_number,original_operator,assigned_zone,assigned_worker,released_at_seconds,started_at_seconds,finished_at_seconds,release_delay_seconds,pick_tasks,pick_units,physical_zone_count,entropy_weight,allocation_id
entropy_based,33168,Operator_02,Z02,ENTROPY_LAMBDA_0:Z02:W01,0.0,0.0,223.41199999999952,0.0,24,24.0,4,0.0,A001
entropy_based,33169,Operator_08,Z02,ENTROPY_LAMBDA_0:Z02:W02,0.0,0.0,151.38633333333334,0.0,24,24.0,3,0.0,A001
entropy_based,33170,Operator_08,Z04,ENTROPY_LAMBDA_0:Z04:W01,0.0,0.0,182.7636666666665,0.0,23,23.0,4,0.0,A001
entropy_based,33171,Operator_04,Z01,ENTROPY_LAMBDA_0:Z01:W01,0.0,0.0,156.7626666666665,0.0,24,24.0,4,0.0,A001
entropy_based,33172,Operator_19,Z01,ENTROPY_LAMBDA_0:Z01:W02,0.0,0.0,168.19266666666647,0.0,24,24.0,4,0.0,A001
entropy_based,33173,Operator_14,Z03,ENTROPY_LAMBDA_0:Z03:W01,0.0,0.0,124.66266666666672,0.0,24,24.0,3,0.0,A001
entropy_based,33175,Operator_14,Z04,ENTROPY_LAMBDA_0:Z04:W02,0.0,0.0,165.65266666666648,0.0,24,24.0,3,0.0,A001
entropy_based,33179,Operator_02,Z01,ENTROPY_LAMBDA_0:Z01:W03,60.0,60.0,231.82499999999945,0.0,24,24.0,3,0.0,A001
entropy_based,33174,Operator_17,Z03,ENTROPY_LAMBDA_0:Z03:W01,0.0,124.66266666666672,213.51133333333314,124.66266666666672,24,24.0,2,0.0,A001
entropy_based,33176,Operator_19,Z02,ENTROPY_LAMBDA_0:Z02:W02,0.0,151.38633333333334,274.91166666666646,151.38633333333334,24,24.0,2,0.0,A001
entropy_based,33182,Operator_02,Z01,ENTROPY_LAMBDA_0:Z01:W01,60.0,156.7626666666665,384.60566666666404,96.76266666666649,24,24.0,4,0.0,A001
entropy_based,33177,Operator_08,Z04,ENTROPY_LAMBDA_0:Z04:W02,0.0,165.65266666666648,287.831999999999,165.65266666666648,24,24.0,3,0.0,A001
entropy_based,33186,Operator_02,Z01,ENTROPY_LAMBDA_0:Z01:W02,60.0,168.19266666666647,331.8923333333317,108.19266666666647,24,24.0,4,0.0,A001
entropy_based,33180,Operator_14,Z04,ENTROPY_LAMBDA_0:Z04:W01,60.0,182.7636666666665,345.8623333333317,122.7636666666665,24,24.0,4,0.0,A001
entropy_based,33178,Operator_14,Z03,ENTROPY_LAMBDA_0:Z03:W01,0.0,213.51133333333314,340.7823333333317,213.51133333333314,17,17.0,4,0.0,A001
entropy_based,33183,Operator_18,Z02,ENTROPY_LAMBDA_0:Z02:W01,60.0,223.41199999999952,427.1533333333302,163.41199999999952,24,24.0,4,0.0,A001
entropy_based,33188,Operator_17,Z01,ENTROPY_LAMBDA_0:Z01:W03,60.0,231.82499999999945,350.94233333333176,171.82499999999945,24,24.0,3,0.0,A001
entropy_based,33187,Operator_19,Z02,ENTROPY_LAMBDA_0:Z02:W02,60.0,274.91166666666646,473.9173333333303,214.91166666666646,24,24.0,4,0.0,A001
entropy_based,33185,Operator_17,Z04,ENTROPY_LAMBDA_0:Z04:W02,60.0,287.831999999999,453.8486666666633,227.83199999999903,24,24.0,4,0.0,A001
entropy_based,33189,Operator_02,Z01,ENTROPY_LAMBDA_0:Z01:W02,60.0,331.8923333333317,465.0273333333303,271.8923333333317,24,24.0,4,0.0,A001
entropy_based,33181,Operator_19,Z03,ENTROPY_LAMBDA_0:Z03:W01,60.0,340.7823333333317,528.1039999999956,280.7823333333317,24,24.0,4,0.0,A001
entropy_based,33204,Operator_14,Z04,ENTROPY_LAMBDA_0:Z04:W01,60.0,345.8623333333317,533.1839999999955,285.8623333333317,24,24.0,4,0.0,A001
entropy_based,33190,Operator_06,Z01,ENTROPY_LAMBDA_0:Z01:W03,60.0,350.94233333333176,515.0399999999959,290.94233333333176,24,24.0,4,0.0,A001
entropy_based,33192,Operator_04,Z01,ENTROPY_LAMBDA_0:Z01:W01,60.0,384.60566666666404,579.4033333333279,324.60566666666404,24,24.0,4,0.0,A001
entropy_based,33191,Operator_14,Z02,ENTROPY_LAMBDA_0:Z02:W01,60.0,427.1533333333302,544.8763333333284,367.1533333333302,14,14.0,4,0.0,A001
entropy_based,33205,Operator_02,Z04,ENTROPY_LAMBDA_0:Z04:W02,60.0,453.8486666666633,602.7289999999938,393.8486666666633,24,24.0,4,0.0,A001
entropy_based,33203,Operator_19,Z01,ENTROPY_LAMBDA_0:Z01:W02,60.0,465.0273333333303,639.79866666666,405.0273333333303,24,24.0,4,0.0,A001
entropy_based,33193,Operator_02,Z02,ENTROPY_LAMBDA_0:Z02:W02,60.0,473.9173333333303,656.4723333333263,413.9173333333303,24,24.0,4,0.0,A001
entropy_based,33209,Operator_14,Z01,ENTROPY_LAMBDA_0:Z01:W03,120.0,515.0399999999959,665.3623333333262,395.03999999999587,24,24.0,4,0.0,A001
entropy_based,33184,Operator_19,Z03,ENTROPY_LAMBDA_0:Z03:W01,60.0,528.1039999999956,710.9466666666592,468.1039999999956,24,24.0,4,0.0,A001
entropy_based,33208,Operator_17,Z04,ENTROPY_LAMBDA_0:Z04:W01,120.0,533.1839999999955,712.0586666666586,413.18399999999554,24,24.0,4,0.0,A001
entropy_based,33195,Operator_14,Z02,ENTROPY_LAMBDA_0:Z02:W01,60.0,544.8763333333284,721.1066666666591,484.8763333333284,24,24.0,3,0.0,A001
entropy_based,33210,Operator_06,Z01,ENTROPY_LAMBDA_0:Z01:W01,120.0,579.4033333333279,713.4866666666592,459.40333333332785,24,24.0,3,0.0,A001
entropy_based,33211,Operator_19,Z04,ENTROPY_LAMBDA_0:Z04:W02,120.0,602.7289999999938,726.186666666659,482.7289999999938,24,24.0,3,0.0,A001
entropy_based,33212,Operator_02,Z01,ENTROPY_LAMBDA_0:Z01:W02,120.0,639.79866666666,772.580999999992,519.79866666666,24,24.0,3,0.0,A001
entropy_based,33196,Operator_17,Z02,ENTROPY_LAMBDA_0:Z02:W02,60.0,656.4723333333263,823.5359999999895,596.4723333333263,24,24.0,4,0.0,A001
entropy_based,33214,Operator_14,Z01,ENTROPY_LAMBDA_0:Z01:W03,120.0,665.3623333333262,793.6119999999914,545.3623333333262,24,24.0,4,0.0,A001
entropy_based,33213,Operator_06,Z04,ENTROPY_LAMBDA_0:Z04:W01,120.0,712.0586666666586,821.1906666666582,592.0586666666586,24,24.0,2,0.0,A001
entropy_based,33217,Operator_17,Z01,ENTROPY_LAMBDA_0:Z01:W01,120.0,713.4866666666592,849.3903333333233,593.4866666666592,20,20.0,4,0.0,A001
entropy_based,33197,Operator_19,Z02,ENTROPY_LAMBDA_0:Z02:W01,60.0,721.1066666666591,887.6906666666555,661.1066666666591,24,24.0,3,0.0,A001
entropy_based,33215,Operator_06,Z04,ENTROPY_LAMBDA_0:Z04:W02,120.0,726.186666666659,877.8719999999893,606.186666666659,24,24.0,4,0.0,A001
entropy_based,33198,Operator_18,Z02,ENTROPY_LAMBDA_0:Z02:W02,60.0,823.5359999999895,954.8816666666543,763.5359999999895,24,24.0,3,0.0,A001
entropy_based,33199,Operator_04,Z02,ENTROPY_LAMBDA_0:Z02:W01,60.0,887.6906666666555,1033.0709999999865,827.6906666666555,24,24.0,3,0.0,A001
entropy_based,33200,Operator_17,Z02,ENTROPY_LAMBDA_0:Z02:W02,60.0,954.8816666666543,1088.2339999999883,894.8816666666543,22,22.0,3,0.0,A001
entropy_based,33207,Operator_06,Z02,ENTROPY_LAMBDA_0:Z02:W01,120.0,1033.0709999999865,1193.6746666666597,913.0709999999865,24,24.0,3,0.0,A001
entropy_based,33220,Operator_18,Z02,ENTROPY_LAMBDA_0:Z02:W02,14400.0,14400.0,14554.956333333326,0.0,19,19.0,4,0.0,A001
entropy_based,33221,Operator_02,Z03,ENTROPY_LAMBDA_0:Z03:W01,14400.0,14400.0,14548.956333333326,0.0,24,24.0,4,0.0,A001
entropy_based,33223,Operator_19,Z01,ENTROPY_LAMBDA_0:Z01:W02,14400.0,14400.0,14560.036333333328,0.0,24,24.0,3,0.0,A001
entropy_based,33225,Operator_02,Z01,ENTROPY_LAMBDA_0:Z01:W03,14400.0,14400.0,14597.35166666665,0.0,24,24.0,4,0.0,A001
entropy_based,33226,Operator_17,Z01,ENTROPY_LAMBDA_0:Z01:W01,14400.0,14400.0,14571.768333333343,0.0,24,24.0,4,0.0,A001
entropy_based,33234,Operator_02,Z04,ENTROPY_LAMBDA_0:Z04:W01,14400.0,14400.0,14579.896333333325,0.0,24,24.0,4,0.0,A001
entropy_based,33238,Operator_02,Z02,ENTROPY_LAMBDA_0:Z02:W01,14400.0,14400.0,14609.972666666681,0.0,26,26.0,4,0.0,A001
entropy_based,33247,Operator_14,Z04,ENTROPY_LAMBDA_0:Z04:W02,14400.0,14400.0,14566.68833333334,0.0,24,24.0,4,0.0,A001
entropy_based,33222,Operator_19,Z03,ENTROPY_LAMBDA_0:Z03:W01,14400.0,14548.956333333326,14713.11333333334,148.95633333332626,24,24.0,4,0.0,A001
entropy_based,33242,Operator_14,Z02,ENTROPY_LAMBDA_0:Z02:W02,14400.0,14554.956333333326,14735.973333333348,154.95633333332626,24,24.0,4,0.0,A001
entropy_based,33227,Operator_17,Z01,ENTROPY_LAMBDA_0:Z01:W02,14400.0,14560.036333333328,14723.273333333344,160.036333333328,24,24.0,4,0.0,A001
entropy_based,33248,Operator_02,Z04,ENTROPY_LAMBDA_0:Z04:W02,14400.0,14566.68833333334,14703.500666666665,166.68833333334078,24,24.0,3,0.0,A001
entropy_based,33228,Operator_18,Z01,ENTROPY_LAMBDA_0:Z01:W01,14400.0,14571.768333333343,14715.653333333341,171.76833333334253,24,24.0,4,0.0,A001
entropy_based,33249,Operator_19,Z04,ENTROPY_LAMBDA_0:Z04:W01,14400.0,14579.896333333325,14758.457666666678,179.89633333332495,24,24.0,4,0.0,A001
entropy_based,33229,Operator_14,Z01,ENTROPY_LAMBDA_0:Z01:W03,14400.0,14597.35166666665,14739.78333333335,197.35166666664918,24,24.0,3,0.0,A001
entropy_based,33259,Operator_18,Z02,ENTROPY_LAMBDA_0:Z02:W01,14400.0,14609.972666666681,14769.204666666681,209.9726666666811,24,24.0,4,0.0,A001
entropy_based,33250,Operator_02,Z04,ENTROPY_LAMBDA_0:Z04:W02,14400.0,14703.500666666665,14847.142999999998,303.500666666665,24,24.0,4,0.0,A001
entropy_based,33235,Operator_18,Z03,ENTROPY_LAMBDA_0:Z03:W01,14400.0,14713.11333333334,14897.084999999986,313.11333333334005,24,24.0,4,0.0,A001
entropy_based,33230,Operator_18,Z01,ENTROPY_LAMBDA_0:Z01:W01,14400.0,14715.653333333341,14862.112000000006,315.6533333333409,24,24.0,3,0.0,A001
entropy_based,33231,Operator_19,Z01,ENTROPY_LAMBDA_0:Z01:W02,14400.0,14723.273333333344,14852.925666666672,323.27333333334354,24,24.0,3,0.0,A001
entropy_based,33232,Operator_19,Z01,ENTROPY_LAMBDA_0:Z01:W03,14400.0,14739.78333333335,14884.949333333343,339.7833333333492,24,24.0,3,0.0,A001
entropy_based,33251,Operator_14,Z04,ENTROPY_LAMBDA_0:Z04:W01,14400.0,14758.457666666678,14882.409333333342,358.45766666667805,24,24.0,4,0.0,A001
entropy_based,33252,Operator_18,Z04,ENTROPY_LAMBDA_0:Z04:W02,14400.0,14847.142999999998,15005.44900000001,447.1429999999982,24,24.0,4,0.0,A001
entropy_based,33233,Operator_14,Z01,ENTROPY_LAMBDA_0:Z01:W02,14400.0,14852.925666666672,15031.043666666674,452.92566666667153,24,24.0,4,0.0,A001
entropy_based,33236,Operator_19,Z01,ENTROPY_LAMBDA_0:Z01:W01,14400.0,14862.112000000006,15051.36366666668,462.11200000000645,24,24.0,4,0.0,A001
entropy_based,33253,Operator_02,Z04,ENTROPY_LAMBDA_0:Z04:W01,14400.0,14882.409333333342,15022.15366666667,482.40933333334215,24,24.0,3,0.0,A001
entropy_based,33237,Operator_14,Z01,ENTROPY_LAMBDA_0:Z01:W03,14400.0,14884.949333333343,15048.82366666668,484.949333333343,24,24.0,4,0.0,A001
entropy_based,33254,Operator_02,Z03,ENTROPY_LAMBDA_0:Z03:W01,14400.0,14897.084999999986,15036.123666666675,497.0849999999864,24,24.0,4,0.0,A001
entropy_based,33255,Operator_02,Z04,ENTROPY_LAMBDA_0:Z04:W02,14400.0,15005.44900000001,15127.453333333342,605.4490000000096,24,24.0,3,0.0,A001
entropy_based,33257,Operator_18,Z04,ENTROPY_LAMBDA_0:Z04:W01,14400.0,15022.15366666667,15155.92666666666,622.1536666666707,24,24.0,4,0.0,A001
entropy_based,33239,Operator_18,Z01,ENTROPY_LAMBDA_0:Z01:W02,14400.0,15031.043666666674,15170.364999999993,631.0436666666737,24,24.0,3,0.0,A001
entropy_based,33256,Operator_02,Z03,ENTROPY_LAMBDA_0:Z03:W01,14400.0,15036.123666666675,15172.904999999993,636.1236666666755,24,24.0,3,0.0,A001
entropy_based,33240,Operator_14,Z01,ENTROPY_LAMBDA_0:Z01:W03,14400.0,15048.82366666668,15162.823999999995,648.8236666666799,24,24.0,1,0.0,A001
entropy_based,33241,Operator_19,Z01,ENTROPY_LAMBDA_0:Z01:W01,14400.0,15051.36366666668,15217.538333333328,651.3636666666807,24,24.0,4,0.0,A001
entropy_based,33243,Operator_19,Z01,ENTROPY_LAMBDA_0:Z01:W03,14400.0,15162.823999999995,15338.678999999987,762.8239999999951,24,24.0,4,0.0,A001
entropy_based,33244,Operator_18,Z01,ENTROPY_LAMBDA_0:Z01:W02,14400.0,15170.364999999993,15275.681333333325,770.3649999999925,24,24.0,1,0.0,A001
entropy_based,33258,Operator_02,Z03,ENTROPY_LAMBDA_0:Z03:W01,14400.0,15172.904999999993,15289.541333333333,772.9049999999934,21,21.0,4,0.0,A001
entropy_based,33245,Operator_02,Z01,ENTROPY_LAMBDA_0:Z01:W01,14400.0,15217.538333333328,15341.218999999988,817.5383333333284,22,22.0,3,0.0,A001
entropy_based,33246,Operator_18,Z01,ENTROPY_LAMBDA_0:Z01:W02,14400.0,15275.681333333325,15468.627666666644,875.6813333333248,24,24.0,4,0.0,A001
entropy_based,33262,Operator_19,Z01,ENTROPY_LAMBDA_0:Z01:W03,14400.0,15338.678999999987,15476.23666666664,938.6789999999874,12,12.0,4,0.0,A001
