selected_date,method,entropy_weight,worker_counts,entropy_reused_from,observed_workers,effective_workers,seed,total_workers,zones,active_zones,worker_allocation_entropy_normalized,demand_worker_l1_gap,picking_lists,pick_tasks,picked_units,total_distance_m,movement_events,movement_seconds,congestion_conflicts,edge_conflicts,pick_node_conflicts,congestion_wait_seconds,mean_conflict_wait_seconds,p95_conflict_wait_seconds,max_conflict_wait_seconds,congestion_delay_ratio,mean_release_delay_seconds,max_release_delay_seconds,mean_flow_time_seconds,makespan_seconds,entropy_samples,mean_spatial_entropy_normalized,mean_spatial_entropy_multiworker,min_spatial_entropy_normalized,max_spatial_entropy_normalized,mean_max_concentration,shared_worker_ratio,occupied_spatial_cells,congested_cell_seconds,max_cell_occupancy,simulation_elapsed_seconds
2023-07-19,baseline,,,,5,5,,5,4,3,,,39,872,872.0,1614.0800000000074,4318,1345.0666666667155,33,17,16,53.84999999999877,1.6318181818181445,3.0,3.0,0.03849407279442207,463.41282051282053,1333.5666666666973,566.359401709403,1563.2000000000396,313,0.7872378873915057,0.989580155636712,0.0,1.0,0.4988817891373802,0.02729528535980149,547,47.53333333333347,2,1563.2000000000396
2023-07-19,random,,0|2|1|2,,5,5,42.0,5,4,3,0.7609640474436812,0.36192660550458716,39,872,872.0,1614.0799999999845,4318,1345.0666666667105,30,28,2,16.566666666668397,0.5522222222222799,1.9125000000000005,3.0,0.012166760508214039,551.4072649572694,1887.4500000000542,653.3978632478688,2095.0166666667237,420,0.30378675305549624,0.9968002834633469,0.0,1.0,0.7848412698412699,0.0037546933667083854,552,5.300000000000011,3,2095.0166666667237
2023-07-19,equal,,0|2|2|1,,5,5,42.0,5,4,3,0.7609640474436812,0.21192660550458714,39,872,872.0,1614.0800000000124,4318,1345.066666666678,72,32,40,135.75000000000063,1.8854166666666754,3.0,3.0,0.09167238798410755,364.4136752136736,961.6999999999971,469.4602564102551,1169.266666666676,234,0.9571178327884772,0.9737633603152333,0.0,1.0,0.3436609686609687,0.05961070559610705,550,118.44999999999982,3,1169.266666666676
2023-07-19,volume_proportional,,0|1|3|1,,5,5,42.0,5,4,3,0.6854752972273344,0.049999999999999975,39,872,872.0,1614.0800000000097,4318,1345.0666666666493,105,43,62,197.9499999999994,1.8852380952380894,3.0,4.316666666667061,0.12828766161523533,320.54401709401554,930.5166666666642,427.18547008546807,1157.516666666671,232,0.7250707897578543,0.9612367041361268,0.0,1.0,0.4672413793103448,0.09221556886227544,551,180.94999999999965,3,1157.516666666671
2023-07-19,entropy_based,0.05,0|1|3|1,volume_proportional,5,5,42.0,5,4,3,0.6854752972273344,0.049999999999999975,39,872,872.0,1614.0800000000097,4318,1345.0666666666493,105,43,62,197.9499999999994,1.8852380952380894,3.0,4.316666666667061,0.12828766161523533,320.54401709401554,930.5166666666642,427.18547008546807,1157.516666666671,232,0.7250707897578543,0.9612367041361268,0.0,1.0,0.4672413793103448,0.09221556886227544,551,180.94999999999965,3,1157.516666666671
2023-07-24,baseline,,,,7,7,,7,4,3,,,44,937,937.0,2054.300000000012,6074,1711.9166666665178,88,74,14,64.73333333335017,0.735606060606252,2.367083333344568,3.166666666666856,0.03643561384254354,203.25681818181582,755.1833333333251,307.52159090908555,15755.299999999981,274,0.73858401041487,0.9871805797740213,0.0,1.0,0.47433958985053876,0.021621621621621623,577,27.47500000003504,4,15755.299999999981
2023-07-24,random,,0|3|2|2,,7,7,42.0,7,4,3,0.7783283537314115,0.1491080957463028,44,937,937.0,2054.30000000001,6074,1711.916666666507,135,96,39,145.00000000003087,1.0740740740743027,3.0,4.5,0.07808643360411485,164.7359848484832,607.5833333333281,270.82499999999544,15652.16666666666,210,0.8448722256979905,0.974852568113066,0.0,1.0,0.3540702947845805,0.051118210862619806,582,91.05833333337495,6,15652.16666666666
2023-07-24,equal,,0|3|2|2,,7,7,42.0,7,4,3,0.7783283537314115,0.1491080957463028,44,937,937.0,2054.30000000001,6074,1711.916666666507,135,96,39,145.00000000003087,1.0740740740743027,3.0,4.5,0.07808643360411485,164.7359848484832,607.5833333333281,270.82499999999544,15652.16666666666,210,0.8448722256979905,0.974852568113066,0.0,1.0,0.3540702947845805,0.051118210862619806,582,91.05833333337495,6,15652.16666666666
2023-07-24,volume_proportional,,0|4|2|1,,7,7,42.0,7,4,3,0.6893917467430879,0.05686842506479646,44,937,937.0,2054.3000000000084,6074,1711.916666666508,122,91,31,125.65000000002729,1.029918032787109,3.0,4.5,0.06837847152939736,144.97537878787736,606.6166666666611,250.6246212121168,15652.16666666666,210,0.8405795563290264,0.9806761490505308,0.0,1.0,0.37807256235827663,0.03636363636363636,579,73.35833333337311,6,15652.16666666666
2023-07-24,entropy_based,0.05,0|4|2|1,volume_proportional,7,7,42.0,7,4,3,0.6893917467430879,0.05686842506479646,44,937,937.0,2054.3000000000084,6074,1711.916666666508,122,91,31,125.65000000002729,1.029918032787109,3.0,4.5,0.06837847152939736,144.97537878787736,606.6166666666611,250.6246212121168,15652.16666666666,210,0.8405795563290264,0.9806761490505308,0.0,1.0,0.37807256235827663,0.03636363636363636,579,73.35833333337311,6,15652.16666666666
2023-07-25,baseline,,,,5,5,,5,4,3,,,31,662,662.0,1220.2000000000057,3424,1016.8333333333408,53,36,17,67.94999999999119,1.282075471697947,3.0,3.0,0.0626392367139287,353.2564516129021,1030.550000000006,452.31397849462246,14267.66666666665,253,0.8677105756973312,0.967095927979845,0.0,1.0,0.49874835309617915,0.040257648953301126,485,48.11666666665752,4,14267.66666666665
2023-07-25,random,,0|2|1|2,,5,5,42.0,5,4,3,0.7609640474436812,0.29879154078549847,31,662,662.0,1220.2000000000048,3424,1016.8333333333479,36,23,13,49.7500000000053,1.3819444444445916,3.0,3.0,0.04664426908352625,288.62204301075343,1012.200000000033,387.09247311828096,14267.66666666665,255,0.6171173641943819,0.9774219122333377,0.0,1.0,0.5913725490196078,0.03257328990228013,481,35.91666666666816,4,14267.66666666665
2023-07-25,equal,,0|2|2|1,,5,5,42.0,5,4,3,0.7609640474436812,0.11812688821752265,31,662,662.0,1220.200000000001,3424,1016.8333333332993,64,34,30,95.32499999999892,1.4894531249999832,3.0,3.0,0.08571171670700538,203.733064516127,578.3333333333278,303.6736559139753,14267.66666666665,173,0.8040173105984826,0.9659374634273437,0.0,1.0,0.41127167630057804,0.052715654952076675,483,76.64999999999912,4,14267.66666666665
2023-07-25,volume_proportional,,0|2|2|1,,5,5,42.0,5,4,3,0.7609640474436812,0.11812688821752265,31,662,662.0,1220.200000000001,3424,1016.8333333332993,64,34,30,95.32499999999892,1.4894531249999832,3.0,3.0,0.08571171670700538,203.733064516127,578.3333333333278,303.6736559139753,14267.66666666665,173,0.8040173105984826,0.9659374634273437,0.0,1.0,0.41127167630057804,0.052715654952076675,483,76.64999999999912,4,14267.66666666665
2023-07-25,entropy_based,0.05,0|2|2|1,equal,5,5,42.0,5,4,3,0.7609640474436812,0.11812688821752265,31,662,662.0,1220.200000000001,3424,1016.8333333332993,64,34,30,95.32499999999892,1.4894531249999832,3.0,3.0,0.08571171670700538,203.733064516127,578.3333333333278,303.6736559139753,14267.66666666665,173,0.8040173105984826,0.9659374634273437,0.0,1.0,0.41127167630057804,0.052715654952076675,483,76.64999999999912,4,14267.66666666665
2023-07-26,baseline,,,,7,7,,7,4,3,,,24,422,422.0,1069.5400000000006,2902,891.2833333341976,58,37,21,76.04999999995825,1.3112068965510042,3.0,3.0,0.07861819434861501,58.738888888888326,327.94999999999686,151.79444444447816,20268.116666666858,181,0.734532758168734,0.9232668696426448,0.0,1.0,0.547329650092081,0.06153846153846154,462,60.91666666666572,2,20268.116666666858
2023-07-26,random,,0|3|2|2,,7,7,42.0,7,4,3,0.7783283537314115,0.20954637779282326,24,422,422.0,1069.5400000000002,2902,891.2833333341983,41,34,7,30.78333333329381,0.7508130081291173,3.0,3.0,0.0333851493022192,40.56249999999957,289.6333333333306,131.73194444447842,20268.16666666686,165,0.7392582223166959,0.9836903764697971,0.0,1.0,0.5273304473304473,0.022321428571428572,463,16.333333333333428,2,20268.16666666686
2023-07-26,equal,,0|3|2|2,,7,7,42.0,7,4,3,0.7783283537314115,0.20954637779282326,24,422,422.0,1069.5400000000002,2902,891.2833333341983,41,34,7,30.78333333329381,0.7508130081291173,3.0,3.0,0.0333851493022192,40.56249999999957,289.6333333333306,131.73194444447842,20268.16666666686,165,0.7392582223166959,0.9836903764697971,0.0,1.0,0.5273304473304473,0.022321428571428572,463,16.333333333333428,2,20268.16666666686
2023-07-26,volume_proportional,,0|2|3|2,,7,7,42.0,7,4,3,0.7783283537314115,0.06668923493568042,24,422,422.0,1069.5400000000002,2902,891.2833333341993,56,36,20,72.96666666662865,1.3029761904755117,3.0,3.0,0.07567193846675241,20.80347222222203,139.53333333333194,113.73055555558986,20268.16666666686,137,0.773032970470936,0.9806066384677614,0.0,1.0,0.46772679874869655,0.06140350877192982,462,57.31666666666678,2,20268.16666666686
2023-07-26,entropy_based,0.05,0|2|3|2,volume_proportional,7,7,42.0,7,4,3,0.7783283537314115,0.06668923493568042,24,422,422.0,1069.5400000000002,2902,891.2833333341993,56,36,20,72.96666666662865,1.3029761904755117,3.0,3.0,0.07567193846675241,20.80347222222203,139.53333333333194,113.73055555558986,20268.16666666686,137,0.773032970470936,0.9806066384677614,0.0,1.0,0.46772679874869655,0.06140350877192982,462,57.31666666666678,2,20268.16666666686
2023-07-27,baseline,,,,6,6,,6,4,3,,,27,540,540.0,1012.2800000000027,2686,843.5666666665836,41,32,9,45.26666666666715,1.1040650406504182,3.0,3.0,0.050928183011443494,154.40555555555503,557.6666666666647,247.3253086419717,14328.083333333307,191,0.8523650100217979,0.9866770722070508,0.0,1.0,0.481413612565445,0.023622047244094488,405,26.4833333333345,4,14328.083333333307
2023-07-27,random,,0|3|1|2,,6,6,42.0,6,4,3,0.7295739585136223,0.4037037037037037,27,540,540.0,1012.280000000002,2686,843.5666666665829,32,25,7,30.53333333333454,0.9541666666667044,3.0,3.0,0.03493116729588997,186.5024691358018,578.1166666666644,278.8765432098728,14327.083333333307,196,0.8647354106778423,0.9911587163324975,0.0,1.0,0.4604591836734694,0.015873015873015872,406,17.55000000000213,2,14327.083333333307
2023-07-27,equal,,0|2|2|2,,6,6,42.0,6,4,3,0.792481250360578,0.5703703703703704,27,540,540.0,1012.2800000000068,2686,843.5666666665942,33,19,14,47.04999999999943,1.4257575757575585,3.0,3.0,0.052828564477799975,299.4580246913566,905.3333333333273,392.4438271604897,14327.083333333307,261,0.842911877394636,0.9691629955947136,0.0,1.0,0.566411238825032,0.027613412228796843,403,38.016666666667234,2,14327.083333333307
2023-07-27,volume_proportional,,0|4|1|1,,6,6,42.0,6,4,3,0.6258145836939114,0.23703703703703705,27,540,540.0,1012.2800000000002,2686,843.5666666665841,60,39,21,74.48333333333373,1.2413888888888955,3.0,3.0,0.0811321097253313,135.1160493827157,413.5999999999989,229.1179012345645,14327.083333333307,163,0.8855241489773522,0.9752732181304622,0.0,1.0,0.41319018404907976,0.04483430799220273,406,53.533333333334284,3,14327.083333333307
2023-07-27,entropy_based,0.05,0|4|1|1,volume_proportional,6,6,42.0,6,4,3,0.6258145836939114,0.23703703703703705,27,540,540.0,1012.2800000000002,2686,843.5666666665841,60,39,21,74.48333333333373,1.2413888888888955,3.0,3.0,0.0811321097253313,135.1160493827157,413.5999999999989,229.1179012345645,14327.083333333307,163,0.8855241489773522,0.9752732181304622,0.0,1.0,0.41319018404907976,0.04483430799220273,406,53.533333333334284,3,14327.083333333307
2023-07-28,baseline,,,,10,10,,10,4,3,,,31,618,618.0,1495.800000000004,4566,1246.4999999992792,93,78,15,105.4500000000009,1.1338709677419452,4.050000000000004,6.0,0.07799844668815936,142.4491935483521,603.7166666665144,245.86693548381302,11941.416666666497,178,0.5016573807383625,0.9812638875981157,0.0,1.0,0.6114143035491351,0.043209876543209874,515,41.500000000025466,8,11941.416666666497
2023-07-28,random,,0|4|3|3,,10,10,42.0,10,4,3,0.7854752972273344,0.34563106796116505,31,618,618.0,1495.8000000000022,4566,1246.4999999992795,105,83,22,120.06666666660948,1.1434920634915189,3.0,6.0,0.08786008732347084,150.9209677418959,585.8666666665194,254.81021505369878,11898.966666666496,168,0.7780255619116987,0.9682095881567806,0.0,1.0,0.43307350718065,0.05683563748079877,520,62.075000000024374,8,11898.966666666496
2023-07-28,equal,,0|4|3|3,,10,10,42.0,10,4,3,0.7854752972273344,0.34563106796116505,31,618,618.0,1495.8000000000022,4566,1246.4999999992795,105,83,22,120.06666666660948,1.1434920634915189,3.0,6.0,0.08786008732347084,150.9209677418959,585.8666666665194,254.81021505369878,11898.966666666496,168,0.7780255619116987,0.9682095881567806,0.0,1.0,0.43307350718065,0.05683563748079877,520,62.075000000024374,8,11898.966666666496
2023-07-28,volume_proportional,,0|1|7|2,,10,10,42.0,10,4,3,0.5783898247235197,0.0543689320388349,31,618,618.0,1495.8,4566,1246.499999999279,161,117,44,188.76666666666137,1.1724637681159091,3.0,6.75,0.1315202749779996,90.07419354836648,259.66666666660603,196.17956989242907,11602.183333333232,112,0.7902641976348828,0.9620607623381181,0.0,1.0,0.3933779761904762,0.09323308270676692,518,108.22500000002219,9,11602.183333333232
2023-07-28,entropy_based,0.05,0|2|6|2,,10,10,42.0,10,4,3,0.6854752972273344,0.0689320388349515,31,618,618.0,1495.8000000000002,4566,1246.4999999992795,148,117,31,157.55833333325873,1.0645833333328294,3.4875000000000043,6.75,0.1122163727765451,86.42473118277184,263.8499999999294,191.5233870967247,11608.416666666555,110,0.7403368115564585,0.9694886818001242,0.0,1.0,0.38496031746031745,0.06990881458966565,520,76.55833333335613,9,11608.416666666555
2023-07-31,baseline,,,,7,7,,7,4,3,,,27,515,515.0,1379.2800000000075,4258,1149.4000000018445,38,33,5,27.299999999827882,0.7184210526270496,2.362499999999999,3.0,0.02320047590701885,97.45185185186274,377.56666666666376,198.25555555562838,18416.850000000253,173,0.9155565607838398,0.9899455313475268,0.0,1.0,0.39002202036884115,0.021739130434782608,532,12.24999999996993,3,18416.850000000253
2023-07-31,random,,0|3|2|2,,7,7,42.0,7,4,3,0.7783283537314115,0.37059639389736476,27,515,515.0,1379.2800000000093,4258,1149.4000000018468,55,45,10,51.36666666699581,0.9339393939453784,3.0,3.0,0.04277822502309863,79.41234567904237,419.09999999999604,181.10740740751802,18456.5833333338,187,0.8977310731725854,0.987504180489844,0.0,1.0,0.45364145658263305,0.03770197486535009,536,27.416666666666316,3,18456.5833333338
2023-07-31,equal,,0|3|2|2,,7,7,42.0,7,4,3,0.7783283537314115,0.37059639389736476,27,515,515.0,1379.2800000000093,4258,1149.4000000018468,55,45,10,51.36666666699581,0.9339393939453784,3.0,3.0,0.04277822502309863,79.41234567904237,419.09999999999604,181.10740740751802,18456.5833333338,187,0.8977310731725854,0.987504180489844,0.0,1.0,0.45364145658263305,0.03770197486535009,536,27.416666666666316,3,18456.5833333338
2023-07-31,volume_proportional,,0|2|4|1,,7,7,42.0,7,4,3,0.6893917467430879,0.08488210818307905,27,515,515.0,1379.2799999999995,4258,1149.4000000018514,83,76,7,56.83333333331679,0.6847389558230939,2.5800000000003926,3.0,0.04711636775629121,25.38333333335495,124.31666666666646,127.28086419762045,18407.650000000278,118,0.9502747254699151,0.9836176982934208,0.0,1.0,0.27687651331719126,0.02857142857142857,537,21.23333333333389,4,18407.650000000278
2023-07-31,entropy_based,0.05,0|2|4|1,volume_proportional,7,7,42.0,7,4,3,0.6893917467430879,0.08488210818307905,27,515,515.0,1379.2799999999995,4258,1149.4000000018514,83,76,7,56.83333333331679,0.6847389558230939,2.5800000000003926,3.0,0.04711636775629121,25.38333333335495,124.31666666666646,127.28086419762045,18407.650000000278,118,0.9502747254699151,0.9836176982934208,0.0,1.0,0.27687651331719126,0.02857142857142857,537,21.23333333333389,4,18407.650000000278
2023-08-03,baseline,,,,6,6,,6,4,3,,,25,482,482.0,1057.4200000000062,3022,881.1833333338069,20,18,2,15.566666666488175,0.7783333333244087,2.2516666666666794,2.2833333333335872,0.017358981507090105,141.3180000000035,569.1833333333309,235.0280000000153,18391.966666666893,194,0.6790057595619875,0.9904294537971847,0.0,1.0,0.5849656357388316,0.018947368421052633,470,6.083333333333385,3,18391.966666666893
2023-08-03,random,,0|3|1|2,,6,6,42.0,6,4,3,0.7295739585136223,0.3789764868603043,25,482,482.0,1057.4200000000035,3022,881.1833333338172,18,18,0,12.050000000258734,0.6694444444588186,1.612499999999999,2.25,0.013490316080436672,214.87800000000595,990.3166666666616,308.447333333369,18319.716666666973,253,0.3331094392351175,0.9914904485468791,0.0,1.0,0.7752305665349144,0.01059322033898305,468,2.25,3,18319.716666666973
2023-08-03,equal,,0|2|2|2,,6,6,42.0,6,4,3,0.792481250360578,0.2503457814661134,25,482,482.0,1057.4200000000021,3022,881.1833333338058,36,32,4,27.91666666692646,0.7754629629701795,2.4375,3.0,0.030708026253331838,120.73199999999979,471.5333333333309,214.93600000002908,18319.716666666973,149,0.9389109878573145,0.9921825332676587,0.0,1.0,0.3895973154362416,0.018947368421052633,473,11.733333333333462,3,18319.716666666973
2023-08-03,volume_proportional,,0|2|3|1,,6,6,42.0,6,4,3,0.7295739585136224,0.08367911479944673,25,482,482.0,1057.4200000000003,3022,881.1833333338075,45,34,11,49.308333333593566,1.0957407407465236,3.0,3.0,0.052991697937708186,86.888,307.98333333333284,181.94766666669605,18319.716666666973,116,0.926376403659751,0.985868466280102,0.0,1.0,0.3297413793103448,0.035416666666666666,473,31.899999999999892,3,18319.716666666973
2023-08-03,entropy_based,0.05,0|2|3|1,volume_proportional,6,6,42.0,6,4,3,0.7295739585136224,0.08367911479944673,25,482,482.0,1057.4200000000003,3022,881.1833333338075,45,34,11,49.308333333593566,1.0957407407465236,3.0,3.0,0.052991697937708186,86.888,307.98333333333284,181.94766666669605,18319.716666666973,116,0.926376403659751,0.985868466280102,0.0,1.0,0.3297413793103448,0.035416666666666666,473,31.899999999999892,3,18319.716666666973
2023-08-07,baseline,,,,8,8,,8,4,3,,,69,1557,1557.0,3068.6799999999744,8748,2557.2333333398456,132,72,60,200.15000000106107,1.5162878787959173,3.0,3.75,0.07258693326420991,376.51147343028595,1140.1166666666684,484.1692028989947,24267.41666666897,522,0.8423470565063483,0.9496871781777837,0.0,1.0,0.4818463783981025,0.044906166219839144,590,162.88333333304087,5,24267.41666666897
2023-08-07,random,,0|3|2|3,,8,8,42.0,8,4,3,0.7806390622295665,0.4250160565189467,69,1557,1557.0,3068.6799999999303,8748,2557.2333333398533,161,86,75,262.36666666883616,1.6296066252722743,3.0,4.5,0.09305102378636246,429.5990338166945,1473.366666666666,538.1584541066757,23929.833333334813,517,0.8973208069450495,0.922295938748689,0.0,1.0,0.47119830524085843,0.06308100929614874,589,214.54166666697495,6,23929.833333334813
2023-08-07,equal,,0|3|3|2,,8,8,42.0,8,4,3,0.7806390622295665,0.3000160565189467,69,1557,1557.0,3068.679999999985,8748,2557.2333333398433,229,110,119,477.44166666786185,2.084898107719921,6.0,6.0,0.1573287639258404,292.4474637683345,1018.7999999999972,404.1239130438085,23659.933333334367,371,0.8731887906095384,0.8948979041882286,0.0,1.0,0.36970542934154793,0.1065891472868217,590,348.0166666663754,6,23659.933333334367
2023-08-07,volume_proportional,,0|2|5|1,,8,8,42.0,8,4,3,0.6493974703476992,0.05001605651894669,69,1557,1557.0,3068.6800000000326,8748,2557.2333333398183,286,118,168,934.8833333367199,3.2688228438346854,9.0,9.000000000000057,0.267712514377835,214.84685990366074,658.5499999999992,333.152898551148,23772.03333333499,331,0.8594081257825645,0.8672685659574051,0.0,1.0,0.36286865199251905,0.1696156192800488,592,489.2333333333422,5,23772.03333333499
2023-08-07,entropy_based,0.05,0|2|5|1,volume_proportional,8,8,42.0,8,4,3,0.6493974703476992,0.05001605651894669,69,1557,1557.0,3068.6800000000326,8748,2557.2333333398183,286,118,168,934.8833333367199,3.2688228438346854,9.0,9.000000000000057,0.267712514377835,214.84685990366074,658.5499999999992,333.152898551148,23772.03333333499,331,0.8594081257825645,0.8672685659574051,0.0,1.0,0.36286865199251905,0.1696156192800488,592,489.2333333333422,5,23772.03333333499
2023-08-08,baseline,,,,7,7,,7,4,3,,,25,557,557.0,1054.6000000000024,2866,878.8333333333195,46,31,15,56.0666666666662,1.2188405797101347,3.0,3.0,0.05997076336150076,165.33199999999914,624.916666666662,269.56799999999856,918.6166666666606,184,0.6596629120223221,0.9788546436460263,0.0,1.0,0.5368659420289855,0.03619047619047619,481,39.40000000000121,3,918.6166666666606
2023-08-08,random,,0|3|2|2,,7,7,42.0,7,4,3,0.7783283537314115,0.21749166452936652,25,557,557.0,1054.6000000000001,2866,878.833333333322,66,38,28,102.0666666666653,1.546464646464626,3.0,4.5,0.10405409997621227,99.46933333333278,374.0166666666638,205.54533333333228,637.1999999999965,128,0.9248362980175829,0.9470323691700049,0.0,1.0,0.3385230654761905,0.06716417910447761,480,77.61666666666659,6,637.1999999999965
2023-08-08,equal,,0|3|2|2,,7,7,42.0,7,4,3,0.7783283537314115,0.21749166452936652,25,557,557.0,1054.6000000000001,2866,878.833333333322,66,38,28,102.0666666666653,1.546464646464626,3.0,4.5,0.10405409997621227,99.46933333333278,374.0166666666638,205.54533333333228,637.1999999999965,128,0.9248362980175829,0.9470323691700049,0.0,1.0,0.3385230654761905,0.06716417910447761,480,77.61666666666659,6,637.1999999999965
2023-08-08,volume_proportional,,0|3|3|1,,7,7,42.0,7,4,3,0.7244078178625923,0.07463452167222367,25,557,557.0,1054.6000000000001,2866,878.8333333333235,81,46,35,124.93333333333199,1.5423868312757036,3.0,6.0,0.12446451698601937,64.27733333333308,221.66666666666572,171.26799999999932,515.5666666666646,104,0.9301273732802856,0.9577549190212842,0.0,1.0,0.2804029304029304,0.08671586715867159,481,90.23333333333346,5,515.5666666666646
2023-08-08,entropy_based,0.05,0|3|3|1,volume_proportional,7,7,42.0,7,4,3,0.7244078178625923,0.07463452167222367,25,557,557.0,1054.6000000000001,2866,878.8333333333235,81,46,35,124.93333333333199,1.5423868312757036,3.0,6.0,0.12446451698601937,64.27733333333308,221.66666666666572,171.26799999999932,515.5666666666646,104,0.9301273732802856,0.9577549190212842,0.0,1.0,0.2804029304029304,0.08671586715867159,481,90.23333333333346,5,515.5666666666646
2023-08-10,baseline,,,,8,8,,8,4,3,,,27,606,606.0,1285.5200000000095,3638,1071.2666666666528,86,26,60,282.30000000000035,3.282558139534888,9.0,9.0,0.20856010047528986,313.21234567901035,987.2333333333245,430.67777777777525,1085.0999999999935,218,0.7182920784802088,0.9606605712189297,0.0,1.0,0.5597094801223241,0.14040561622464898,511,171.61666666666656,6,1085.0999999999935
2023-08-10,random,,0|3|2|3,,8,8,42.0,8,4,3,0.7806390622295665,0.39026402640264024,27,606,606.0,1285.5200000000116,3638,1071.2666666666494,88,48,40,167.51666666666705,1.9035984848484893,5.737500000000004,6.0,0.1352267681999833,274.2981481481469,803.8833333333267,387.5123456790105,988.7833333333245,198,0.9114749506601311,0.9448797917838008,0.0,1.0,0.4679834054834055,0.09283387622149837,514,116.6833333333334,7,988.7833333333245
2023-08-10,equal,,0|3|3|2,,8,8,42.0,8,4,3,0.7806390622295665,0.26526402640264024,27,606,606.0,1285.5200000000023,3638,1071.26666666665,124,51,73,312.64999999999947,2.521370967741931,6.0,9.0,0.22591678207984828,201.84012345678954,583.4166666666623,320.42962962962844,768.9333333333267,154,0.8251963718465186,0.9275930019296632,0.0,1.0,0.412847866419295,0.16149068322981366,517,210.30000000000038,7,768.9333333333267
2023-08-10,volume_proportional,,0|2|5|1,,8,8,42.0,8,4,3,0.6493974703476992,0.04042904290429042,27,606,606.0,1285.5200000000002,3638,1071.2666666666519,128,47,81,387.43333333333374,3.02682291666667,9.0,11.0,0.26560179154955615,145.46851851851832,356.8499999999988,266.82777777777704,469.9666666666641,94,0.9162287672815935,0.9162287672815935,0.1811881477331988,1.0,0.2528115501519757,0.18968133535660092,514,232.95833333333314,7,469.9666666666641
2023-08-10,entropy_based,0.05,0|2|5|1,volume_proportional,8,8,42.0,8,4,3,0.6493974703476992,0.04042904290429042,27,606,606.0,1285.5200000000002,3638,1071.2666666666519,128,47,81,387.43333333333374,3.02682291666667,9.0,11.0,0.26560179154955615,145.46851851851832,356.8499999999988,266.82777777777704,469.9666666666641,94,0.9162287672815935,0.9162287672815935,0.1811881477331988,1.0,0.2528115501519757,0.18968133535660092,514,232.95833333333314,7,469.9666666666641
2023-08-13,baseline,,,,6,6,,6,4,3,,,51,1130,1130.0,2221.140000000019,5950,1850.950000000017,70,51,19,66.083333333336,0.9440476190476572,3.0,3.0,0.034471666289928184,428.75424836601246,1387.9833333333454,532.8137254901959,1553.533333333346,311,0.7854140947686445,0.9889222002957427,0.0,1.0,0.4292604501607717,0.020676691729323307,567,42.983333333333476,4,1553.533333333346
2023-08-13,random,,0|3|1|2,,6,6,42.0,6,4,3,0.7295739585136223,0.3713864306784661,51,1130,1130.0,2221.1399999999976,5950,1850.9499999999553,75,59,16,53.65000000000336,0.7153333333333781,2.1683333333334076,3.0,0.028168644334770832,768.1228758169962,2532.583333333311,871.9385620915051,2758.516666666641,552,0.28263569691379214,0.9874361056735017,0.0,1.0,0.7892210144927536,0.015977443609022556,568,28.88333333333354,3,2758.516666666641
2023-08-13,equal,,0|2|2|2,,6,6,42.0,6,4,3,0.792481250360578,0.26784660766961654,51,1130,1130.0,2221.1400000000067,5950,1850.9500000000658,152,75,77,275.6166666666595,1.8132675438596022,5.945000000000361,6.0,0.12960640782481242,471.23562091503135,1263.0833333333496,579.4035947712416,1500.2500000000462,301,0.9441947529181808,0.9537000692227262,0.0,1.0,0.35725359911406424,0.09115523465703972,567,217.60000000000667,3,1500.2500000000462
2023-08-13,volume_proportional,,0|2|3|1,,6,6,42.0,6,4,3,0.7295739585136224,0.10117994100294986,51,1130,1130.0,2221.140000000021,5950,1850.9499999999834,196,68,128,484.2000000000103,2.4704081632653585,6.0,6.0,0.2073528467122076,349.80915032679604,892.3499999999957,462.0669934640508,1118.5333333333333,224,0.9136843622012691,0.9260873173442727,0.0,1.0,0.29248511904761904,0.14608695652173914,567,368.13333333333475,4,1118.5333333333333
2023-08-13,entropy_based,0.05,0|2|3|1,volume_proportional,6,6,42.0,6,4,3,0.7295739585136224,0.10117994100294986,51,1130,1130.0,2221.140000000021,5950,1850.9499999999834,196,68,128,484.2000000000103,2.4704081632653585,6.0,6.0,0.2073528467122076,349.80915032679604,892.3499999999957,462.0669934640508,1118.5333333333333,224,0.9136843622012691,0.9260873173442727,0.0,1.0,0.29248511904761904,0.14608695652173914,567,368.13333333333475,4,1118.5333333333333
2023-08-15,baseline,,,,5,5,,5,4,3,,,44,1017,1017.0,2129.6999999999844,6364,1774.750000000111,42,34,8,35.083333333333016,0.8353174603174528,3.0,3.0,0.019384842066487266,640.5534090909119,1580.5166666667126,751.0268939393993,1802.133333333389,361,0.9454596052827772,0.989307007266906,0.0,1.0,0.4172206832871653,0.01026694045174538,585,18.366666666659654,4,1802.133333333389
2023-08-15,random,,0|2|1|2,,5,5,42.0,5,4,3,0.7609640474436812,0.29164208456243856,44,1017,1017.0,2129.699999999976,6364,1774.7500000000512,44,32,12,49.6500000000011,1.128409090909116,3.0,3.0,0.02721442666081982,671.0750000000133,2171.150000000077,781.87954545456,2408.7666666667346,482,0.3937493744663833,0.9833533600663044,0.0,1.0,0.7246542185338866,0.016359918200409,583,32.03333333333353,4,2408.7666666667346
2023-08-15,equal,,0|2|2|1,,5,5,42.0,5,4,3,0.7609640474436812,0.09164208456243852,44,1017,1017.0,2129.700000000017,6364,1774.7500000000116,71,51,20,82.85833333333439,1.1670187793427378,3.0,6.0,0.044604845836716825,391.5702651515129,999.9166666666695,503.1295454545435,1237.5333333333476,248,0.9599065021932752,0.9877876039167314,0.0,1.0,0.3105510752688172,0.023350253807106598,585,52.324999999999434,4,1237.5333333333476
2023-08-15,volume_proportional,,0|2|2|1,,5,5,42.0,5,4,3,0.7609640474436812,0.09164208456243852,44,1017,1017.0,2129.700000000017,6364,1774.7500000000116,71,51,20,82.85833333333439,1.1670187793427378,3.0,6.0,0.044604845836716825,391.5702651515129,999.9166666666695,503.1295454545435,1237.5333333333476,248,0.9599065021932752,0.9877876039167314,0.0,1.0,0.3105510752688172,0.023350253807106598,585,52.324999999999434,4,1237.5333333333476
2023-08-15,entropy_based,0.05,0|2|2|1,equal,5,5,42.0,5,4,3,0.7609640474436812,0.09164208456243852,44,1017,1017.0,2129.700000000017,6364,1774.7500000000116,71,51,20,82.85833333333439,1.1670187793427378,3.0,6.0,0.044604845836716825,391.5702651515129,999.9166666666695,503.1295454545435,1237.5333333333476,248,0.9599065021932752,0.9877876039167314,0.0,1.0,0.3105510752688172,0.023350253807106598,585,52.324999999999434,4,1237.5333333333476
2023-08-16,baseline,,,,6,6,,6,4,2,,,38,853,853.0,1429.4800000000077,3814,1191.2333333333472,46,37,9,36.816666666668795,0.800362318840626,3.0,3.0,0.02997977823921527,431.3910087719286,1138.9333333333295,531.0502192982449,1342.3166666666918,269,0.9469819349176843,0.9873571336932445,0.0,1.0,0.4148079306071871,0.013157894736842105,481,23.18333333333385,2,1342.3166666666918
2023-08-16,random,,0|4|2|0,,6,6,42.0,6,4,2,0.4591479170272448,0.22118014849550607,38,853,853.0,1429.4800000000093,3814,1191.2333333333422,107,41,66,205.6333333333349,1.9218068535825692,3.0,3.0,0.14721042332840167,316.93114035087615,941.4666666666697,421.03289473684134,1174.1500000000099,235,0.9550555128682439,0.9550555128682439,0.0,1.0,0.41836879432624113,0.10201511335012595,479,188.0000000000005,3,1174.1500000000099
2023-08-16,equal,,0|3|3|0,,6,6,42.0,6,4,2,0.5,0.054513481828839416,38,853,853.0,1429.4800000000025,3814,1191.233333333309,123,69,54,193.60000000000738,1.5739837398374583,3.7500000000002434,6.0,0.13980021663257414,234.81184210526263,554.5999999999962,338.5969298245604,841.0166666666627,169,0.9548657370426629,0.9721223467482532,0.0,1.0,0.29240631163708086,0.07944514501891552,481,145.48333333333545,3,841.0166666666627
2023-08-16,volume_proportional,,0|3|3|0,,6,6,42.0,6,4,2,0.5,0.054513481828839416,38,853,853.0,1429.4800000000025,3814,1191.233333333309,123,69,54,193.60000000000738,1.5739837398374583,3.7500000000002434,6.0,0.13980021663257414,234.81184210526263,554.5999999999962,338.5969298245604,841.0166666666627,169,0.9548657370426629,0.9721223467482532,0.0,1.0,0.29240631163708086,0.07944514501891552,481,145.48333333333545,3,841.0166666666627
2023-08-16,entropy_based,0.05,0|3|3|0,equal,6,6,42.0,6,4,2,0.5,0.054513481828839416,38,853,853.0,1429.4800000000025,3814,1191.233333333309,123,69,54,193.60000000000738,1.5739837398374583,3.7500000000002434,6.0,0.13980021663257414,234.81184210526263,554.5999999999962,338.5969298245604,841.0166666666627,169,0.9548657370426629,0.9721223467482532,0.0,1.0,0.29240631163708086,0.07944514501891552,481,145.48333333333545,3,841.0166666666627
2023-08-17,baseline,,,,5,5,,5,4,3,,,48,1126,1126.0,1435.4400000000096,3364,1196.2000000000828,261,36,225,673.733333333316,2.5813537675605973,3.0,3.0,0.36029804984132713,630.7649305555581,1671.1333333333585,740.0968750000038,1798.2166666667074,360,0.7400103208821808,0.7835403397576032,0.0,1.0,0.5443981481481481,0.2509505703422053,399,655.949999999992,4,1798.2166666667074
2023-08-17,random,,0|2|1|2,,5,5,42.0,5,4,3,0.7609640474436812,0.33516873889875665,48,1126,1126.0,1435.4399999999887,3364,1196.200000000071,209,19,190,567.9333333333287,2.7173843700159273,3.0,3.0000000000001137,0.32193333837199045,723.6156250000023,1938.3000000000422,830.7434027777815,2069.8833333333864,414,0.5494283947203462,0.8301582314387713,0.0,1.0,0.6367149758454106,0.21532492725509214,394,555.8,4,2069.8833333333864
2023-08-17,equal,,0|2|2|1,,5,5,42.0,5,4,3,0.7609640474436812,0.13516873889875664,48,1126,1126.0,1435.4400000000069,3364,1196.2000000000148,212,25,187,609.2999999999946,2.8740566037735595,6.0,6.0,0.337468845195232,524.3548611111098,1284.216666666667,632.3444444444433,1340.5500000000031,269,0.8329108264855563,0.8519125943901696,0.0,1.0,0.4164807930607187,0.22329162656400384,396,539.0499999999994,4,1340.5500000000031
2023-08-17,volume_proportional,,0|2|2|1,,5,5,42.0,5,4,3,0.7609640474436812,0.13516873889875664,48,1126,1126.0,1435.4400000000069,3364,1196.2000000000148,212,25,187,609.2999999999946,2.8740566037735595,6.0,6.0,0.337468845195232,524.3548611111098,1284.216666666667,632.3444444444433,1340.5500000000031,269,0.8329108264855563,0.8519125943901696,0.0,1.0,0.4164807930607187,0.22329162656400384,396,539.0499999999994,4,1340.5500000000031
2023-08-17,entropy_based,0.05,0|2|2|1,equal,5,5,42.0,5,4,3,0.7609640474436812,0.13516873889875664,48,1126,1126.0,1435.4400000000069,3364,1196.2000000000148,212,25,187,609.2999999999946,2.8740566037735595,6.0,6.0,0.337468845195232,524.3548611111098,1284.216666666667,632.3444444444433,1340.5500000000031,269,0.8329108264855563,0.8519125943901696,0.0,1.0,0.4164807930607187,0.22329162656400384,396,539.0499999999994,4,1340.5500000000031
2023-08-22,baseline,,,,7,7,,7,4,3,,,191,4459,4459.0,8882.860000000108,25018,7402.3833333531675,337,260,77,312.2333333363601,0.926508407526291,3.0,4.5,0.0404729550185602,899.3139616066858,2929.2333333375573,1009.7412739977307,19642.083333337592,1022,0.7768733985843391,0.9912167457592941,0.0,1.0,0.407333892461094,0.022006625650733556,667,188.8666666676008,6,19642.083333337592
2023-08-22,random,,0|3|2|2,,7,7,42.0,7,4,3,0.7783283537314115,0.22135007849293561,191,4459,4459.0,8882.86000000029,25018,7402.383333353096,525,268,257,818.4749999999565,1.5589999999999171,3.0,4.5,0.09956077173587835,983.4144851669207,3454.225000004237,1096.492277488142,20173.158333337586,1088,0.8892585574340233,0.9196894586389899,0.0,1.0,0.39609156162464987,0.06470996071180957,664,690.6583333329593,6,20173.158333337586
2023-08-22,equal,,0|3|2|2,,7,7,42.0,7,4,3,0.7783283537314115,0.22135007849293561,191,4459,4459.0,8882.86000000029,25018,7402.383333353096,525,268,257,818.4749999999565,1.5589999999999171,3.0,4.5,0.09956077173587835,983.4144851669207,3454.225000004237,1096.492277488142,20173.158333337586,1088,0.8892585574340233,0.9196894586389899,0.0,1.0,0.39609156162464987,0.06470996071180957,664,690.6583333329593,6,20173.158333337586
2023-08-22,volume_proportional,,0|2|3|2,,7,7,42.0,7,4,3,0.7783283537314115,0.07849293563579277,191,4459,4459.0,8882.86000000007,25018,7402.383333353026,568,305,263,1167.1916666649606,2.054914906100283,6.0,6.0,0.1362018147530666,826.9430628280938,2417.508333336078,941.8465968596016,19136.441666669427,770,0.9325185293024268,0.962519125419395,0.0,1.0,0.2595918367346939,0.08166515013648772,667,732.8749999994648,6,19136.441666669427
2023-08-22,entropy_based,0.05,0|2|3|2,volume_proportional,7,7,42.0,7,4,3,0.7783283537314115,0.07849293563579277,191,4459,4459.0,8882.86000000007,25018,7402.383333353026,568,305,263,1167.1916666649606,2.054914906100283,6.0,6.0,0.1362018147530666,826.9430628280938,2417.508333336078,941.8465968596016,19136.441666669427,770,0.9325185293024268,0.962519125419395,0.0,1.0,0.2595918367346939,0.08166515013648772,667,732.8749999994648,6,19136.441666669427
2023-08-24,baseline,,,,7,7,,7,4,3,,,120,2771,2771.0,4794.319999999931,12420,3995.2666666668542,255,120,135,487.54999999993674,1.9119607843134774,6.0,6.0,0.10875974554686746,1001.0535416666748,2829.0666666666566,1107.6853472222315,3100.033333333322,621,0.8621200457969603,0.9560295507855577,0.0,1.0,0.38724407637451114,0.06515801794771751,625,375.15833333331716,3,3100.033333333322
2023-08-24,random,,0|3|2|2,,7,7,42.0,7,4,3,0.7783283537314115,0.4324380058771975,120,2771,2771.0,4794.320000000129,12420,3995.2666666666532,171,73,98,308.41666666667885,1.8036062378168354,3.0,6.0,0.07166342009364357,1570.2666666666926,4145.266666666665,1675.4056944444703,4492.633333333319,899,0.9405224213339077,0.9532465127161027,0.0,1.0,0.4522935536839875,0.04352987732489118,623,267.58333333333917,4,4492.633333333319
2023-08-24,equal,,0|3|2|2,,7,7,42.0,7,4,3,0.7783283537314115,0.4324380058771975,120,2771,2771.0,4794.320000000129,12420,3995.2666666666532,171,73,98,308.41666666667885,1.8036062378168354,3.0,6.0,0.07166342009364357,1570.2666666666926,4145.266666666665,1675.4056944444703,4492.633333333319,899,0.9405224213339077,0.9532465127161027,0.0,1.0,0.4522935536839875,0.04352987732489118,623,267.58333333333917,4,4492.633333333319
2023-08-24,volume_proportional,,0|1|5|1,,7,7,42.0,7,4,3,0.5744174271404583,0.05011084188276536,120,2771,2771.0,4794.31999999995,12420,3995.2666666668233,406,195,211,881.5999999999123,2.1714285714283554,6.0,9.0,0.1807718070345508,784.0743749999989,2137.4833333333427,893.989930555555,2429.166666666669,486,0.7652029154953878,0.9438797384029403,0.0,1.0,0.37014011365863214,0.10753502461188943,624,596.7916666666599,6,2429.166666666669
2023-08-24,entropy_based,0.05,0|1|5|1,volume_proportional,7,7,42.0,7,4,3,0.5744174271404583,0.05011084188276536,120,2771,2771.0,4794.31999999995,12420,3995.2666666668233,406,195,211,881.5999999999123,2.1714285714283554,6.0,9.0,0.1807718070345508,784.0743749999989,2137.4833333333427,893.989930555555,2429.166666666669,486,0.7652029154953878,0.9438797384029403,0.0,1.0,0.37014011365863214,0.10753502461188943,624,596.7916666666599,6,2429.166666666669
2023-08-28,baseline,,,,8,8,,8,4,3,,,101,2322,2322.0,4538.819999999948,13122,3782.350000000242,225,153,72,285.16666666664486,1.2674074074073105,3.0,6.0,0.07010829703626606,796.3196369637084,2420.916666666693,905.5623762376379,2657.1000000000163,532,0.8199823934556862,0.9869471342045817,0.0,1.0,0.3819951664876477,0.039330922242314645,623,192.50000000000534,7,2657.1000000000163
2023-08-28,random,,0|3|2|3,,8,8,42.0,8,4,3,0.7806390622295665,0.30781653746770027,101,2322,2322.0,4538.819999999907,13122,3782.3500000003205,222,160,62,241.27500000003445,1.0868243243244795,3.0,6.0,0.05996458417472134,812.0712871287269,2094.4250000000775,920.8794554455621,2258.091666666741,452,0.9696870655999883,0.9871589046198079,0.0,1.0,0.25796986936367466,0.02997275204359673,626,152.31666666667138,5,2258.091666666741
2023-08-28,equal,,0|3|3|2,,8,8,42.0,8,4,3,0.7806390622295665,0.18281653746770027,101,2322,2322.0,4538.819999999946,13122,3782.350000000284,236,162,74,261.9166666666837,1.109816384180863,3.0,4.5,0.06476246208624493,671.4271452145266,1698.8416666667244,780.439686468655,1944.3666666667402,389,0.9678925221613626,0.9804952893770053,0.0,1.0,0.23057595788958257,0.03445149592021759,624,186.00000000000193,6,1944.3666666667402
2023-08-28,volume_proportional,,0|4|3|1,,8,8,42.0,8,4,3,0.7028195311147832,0.05781653746770026,101,2322,2322.0,4538.819999999997,13122,3782.350000000227,306,191,115,418.76666666667336,1.3685185185185404,3.0,6.0,0.099679847024795,566.7729372937297,1348.6166666666961,677.3384488448872,1535.5500000000377,308,0.9618151850790845,0.97768672278666,0.0,1.0,0.18439625850340136,0.05984814649397052,626,308.28333333335485,7,1535.5500000000377
2023-08-28,entropy_based,0.05,0|4|3|1,volume_proportional,8,8,42.0,8,4,3,0.7028195311147832,0.05781653746770026,101,2322,2322.0,4538.819999999997,13122,3782.350000000227,306,191,115,418.76666666667336,1.3685185185185404,3.0,6.0,0.099679847024795,566.7729372937297,1348.6166666666961,677.3384488448872,1535.5500000000377,308,0.9618151850790845,0.97768672278666,0.0,1.0,0.18439625850340136,0.05984814649397052,626,308.28333333335485,7,1535.5500000000377
2023-08-29,baseline,,,,6,6,,6,4,3,,,27,577,577.0,1293.82000000001,3860,1078.18333333332,37,22,15,47.05833333333352,1.271846846846852,3.0,3.0,0.04182064593531825,335.6216049382695,919.0499999999913,441.4083333333308,1084.2999999999968,217,0.8318947270985618,0.9653537742266733,0.0,1.0,0.5025345622119816,0.029616724738675958,538,37.40000000000026,3,1084.2999999999968
2023-08-29,random,,0|3|1|2,,6,6,42.0,6,4,3,0.7295739585136223,0.23801270941652225,27,577,577.0,1293.820000000005,3860,1078.1833333333198,45,35,10,41.54999999999885,0.9233333333333078,3.0,3.75,0.03710704929745124,253.55123456790002,922.7499999999918,359.1339506172822,1025.366666666658,206,0.5315221413936425,0.9864284786224358,0.0,1.0,0.6059061488673139,0.02264808362369338,538,21.46666666666678,5,1025.366666666658
2023-08-29,equal,,0|2|2|2,,6,6,42.0,6,4,3,0.792481250360578,0.23801270941652225,27,577,577.0,1293.820000000003,3860,1078.1833333333198,57,40,17,73.33333333333448,1.2865497076023593,4.78666666666641,6.0,0.06368412673141388,218.0351851851847,591.0833333333302,324.7950617283941,782.0999999999946,157,0.8960750967343589,0.9769707651895441,0.0,1.0,0.37377919320594477,0.039723661485319514,543,43.61666666666599,5,782.0999999999946
2023-08-29,volume_proportional,,0|3|2|1,,6,6,42.0,6,4,3,0.7295739585136224,0.07134604274985559,27,577,577.0,1293.8199999999997,3860,1078.1833333333218,53,40,13,58.01666666666548,1.094654088050292,3.0,3.75,0.05106201959748823,160.37037037037013,426.0333333333313,266.5629629629623,558.3166666666639,112,0.9283638326553776,0.9809127288434178,0.0,1.0,0.25610119047619045,0.03298611111111111,541,36.83333333333313,5,558.3166666666639
2023-08-29,entropy_based,0.05,0|3|2|1,volume_proportional,6,6,42.0,6,4,3,0.7295739585136224,0.07134604274985559,27,577,577.0,1293.8199999999997,3860,1078.1833333333218,53,40,13,58.01666666666548,1.094654088050292,3.0,3.75,0.05106201959748823,160.37037037037013,426.0333333333313,266.5629629629623,558.3166666666639,112,0.9283638326553776,0.9809127288434178,0.0,1.0,0.25610119047619045,0.03298611111111111,541,36.83333333333313,5,558.3166666666639
2023-08-30,baseline,,,,6,6,,6,4,3,,,50,1139,1139.0,2514.839999999996,7150,2095.700000000083,65,46,19,72.43333333332919,1.1143589743589106,3.0,3.0,0.03340815448004115,757.0326666666782,2328.066666666727,868.7353333333465,2586.050000000055,518,0.5454437401679932,0.9879015993252465,0.0,1.0,0.6478442728442728,0.019625334522747548,585,51.70833333333447,2,2586.050000000055
2023-08-30,random,,0|3|1|2,,6,6,42.0,6,4,3,0.7295739585136223,0.3601112086625695,50,1139,1139.0,2514.8400000000124,7150,2095.700000000021,57,49,8,40.61666666666855,0.7125730994152377,2.7866666666670428,3.0,0.019012474742353166,715.8430000000147,2570.766666666711,826.9093333333485,2868.1333333333696,574,0.23675563970512173,0.9919542860637947,0.0,1.0,0.8182636469221835,0.008086253369272238,586,18.583333333333997,3,2868.1333333333696
2023-08-30,equal,,0|2|2|2,,6,6,42.0,6,4,3,0.792481250360578,0.19344454199590283,50,1139,1139.0,2514.8399999999983,7150,2095.7000000000467,107,67,40,131.6166666666629,1.230062305295915,3.0,3.0,0.05909203151774274,410.1198333333325,1190.966666666689,523.0061666666667,1488.3333333333667,298,0.9741634837944896,0.9874174087440745,0.0,1.0,0.3636465324384787,0.042440318302387266,591,104.71666666666462,4,1488.3333333333667
2023-08-30,volume_proportional,,0|2|3|1,,6,6,42.0,6,4,3,0.7295739585136224,0.09540532630962831,50,1139,1139.0,2514.8400000000147,7150,2095.69999999998,106,70,36,113.03333333333671,1.0663522012578934,3.0,3.0,0.05117563611119688,358.72666666666476,1081.6000000000088,471.2413333333311,1311.3500000000179,263,0.7531947814760698,0.9806446907336949,0.0,1.0,0.40126742712294045,0.03546099290780142,590,83.14999999999921,4,1311.3500000000179
2023-08-30,entropy_based,0.05,0|2|3|1,volume_proportional,6,6,42.0,6,4,3,0.7295739585136224,0.09540532630962831,50,1139,1139.0,2514.8400000000147,7150,2095.69999999998,106,70,36,113.03333333333671,1.0663522012578934,3.0,3.0,0.05117563611119688,358.72666666666476,1081.6000000000088,471.2413333333311,1311.3500000000179,263,0.7531947814760698,0.9806446907336949,0.0,1.0,0.40126742712294045,0.03546099290780142,590,83.14999999999921,4,1311.3500000000179
2023-08-31,baseline,,,,5,5,,5,4,3,,,67,1550,1550.0,2910.939999999949,7942,2425.78333333348,70,46,24,83.21666666662723,1.1888095238089604,3.0,3.0,0.03316726451439764,978.6577114427981,2524.000000000034,1085.5084577114565,2756.800000000028,552,0.8006330447555915,0.9821098682335256,0.0,1.0,0.4876207729468599,0.021617852161785217,569,63.93333333329116,3,2756.800000000028
2023-08-31,random,,0|2|1|2,,5,5,42.0,5,4,3,0.7609640474436812,0.3690322580645161,67,1550,1550.0,2910.9400000000314,7942,2425.7833333334165,75,30,45,135.84999999998243,1.811333333333099,3.0,3.0,0.05303257036525352,1145.5430348258815,3214.966666666658,1253.1793532338427,3444.4166666666515,689,0.5017893371837843,0.9711597003360318,0.0,1.0,0.6638848572810837,0.03460207612456748,559,121.4666666666557,2,3444.4166666666515
2023-08-31,equal,,0|2|2|1,,5,5,42.0,5,4,3,0.7609640474436812,0.1690322580645161,67,1550,1550.0,2910.9399999999728,7942,2425.783333333543,153,64,89,261.78333333330835,1.7110021786490743,3.0,3.0,0.09740533568157951,744.2037313432899,1576.1333333333844,853.7196517413025,1805.5833333333937,362,0.9578269846381221,0.9658311098579393,0.0,1.0,0.28835174953959486,0.06594153636981645,566,233.13333333331684,3,1805.5833333333937
2023-08-31,volume_proportional,,0|2|2|1,,5,5,42.0,5,4,3,0.7609640474436812,0.1690322580645161,67,1550,1550.0,2910.9399999999728,7942,2425.783333333543,153,64,89,261.78333333330835,1.7110021786490743,3.0,3.0,0.09740533568157951,744.2037313432899,1576.1333333333844,853.7196517413025,1805.5833333333937,362,0.9578269846381221,0.9658311098579393,0.0,1.0,0.28835174953959486,0.06594153636981645,566,233.13333333331684,3,1805.5833333333937
2023-08-31,entropy_based,0.05,0|2|2|1,equal,5,5,42.0,5,4,3,0.7609640474436812,0.1690322580645161,67,1550,1550.0,2910.9399999999728,7942,2425.783333333543,153,64,89,261.78333333330835,1.7110021786490743,3.0,3.0,0.09740533568157951,744.2037313432899,1576.1333333333844,853.7196517413025,1805.5833333333937,362,0.9578269846381221,0.9658311098579393,0.0,1.0,0.28835174953959486,0.06594153636981645,566,233.13333333331684,3,1805.5833333333937
2023-09-01,baseline,,,,5,5,,5,4,3,,,46,1001,1001.0,1852.7000000000016,4816,1543.9166666666874,131,44,87,269.9333333333178,2.060559796437541,4.825000000000216,6.0,0.14881789196092127,505.42355072463636,1373.4333333333382,610.1376811594191,1654.8166666666827,331,0.7236917788042184,0.9248725049582869,0.0,1.0,0.5211480362537765,0.10651499482936919,510,230.08333333331598,3,1654.8166666666827
2023-09-01,random,,0|2|1|2,,5,5,42.0,5,4,3,0.7609640474436812,0.23216783216783216,46,1001,1001.0,1852.7000000000075,4816,1543.9166666666824,114,51,63,195.11666666665752,1.711549707602259,3.0,3.0,0.11219834774107652,462.0786231884031,1169.2499999999995,565.1663043478236,1439.5166666666696,288,0.8769245956280393,0.928508395370865,0.0,1.0,0.3972222222222222,0.07150368033648791,510,168.59999999999263,4,1439.5166666666696
2023-09-01,equal,,0|2|2|1,,5,5,42.0,5,4,3,0.7609640474436812,0.1934065934065934,46,1001,1001.0,1852.7000000000069,4816,1543.9166666666706,115,51,64,208.72499999998655,1.814999999999883,3.0,3.000000000000057,0.11909165687984577,398.716304347824,1162.4,502.0998188405774,1432.6666666666702,287,0.8746960824589713,0.9297695395026844,0.0,1.0,0.42572590011614403,0.07547169811320754,511,183.09166666665976,4,1432.6666666666702
2023-09-01,volume_proportional,,0|3|1|1,,5,5,42.0,5,4,3,0.6854752972273344,0.03876123876123874,46,1001,1001.0,1852.7000000000096,4816,1543.9166666666515,151,57,94,326.60000000000156,2.1629139072847785,6.0,6.0,0.1746041646247493,362.9550724637663,868.8833333333287,468.90108695651963,1150.2666666666732,231,0.8404966371330149,0.9334361691236849,0.0,1.0,0.36558441558441557,0.11451942740286299,511,258.0833333333345,4,1150.2666666666732
2023-09-01,entropy_based,0.05,0|3|1|1,volume_proportional,5,5,42.0,5,4,3,0.6854752972273344,0.03876123876123874,46,1001,1001.0,1852.7000000000096,4816,1543.9166666666515,151,57,94,326.60000000000156,2.1629139072847785,6.0,6.0,0.1746041646247493,362.9550724637663,868.8833333333287,468.90108695651963,1150.2666666666732,231,0.8404966371330149,0.9334361691236849,0.0,1.0,0.36558441558441557,0.11451942740286299,511,258.0833333333345,4,1150.2666666666732
2023-09-05,baseline,,,,6,6,,6,4,3,,,58,1309,1309.0,2705.6399999999844,7822,2254.700000000146,64,55,9,45.21666666667987,0.706510416666873,3.0,3.0,0.019660132613504872,657.4870689655204,1768.933333333404,764.8477011494311,1945.1166666667493,390,0.7703857159706176,0.9948689709554333,0.0,1.0,0.4415811965811966,0.009607686148919135,604,23.149999999999523,2,1945.1166666667493
2023-09-05,random,,0|3|1|2,,6,6,42.0,6,4,3,0.7295739585136223,0.09994907053730583,58,1309,1309.0,2705.6400000000053,7822,2254.7000000000157,99,70,29,112.41666666666559,1.1355218855218747,3.0,3.75,0.04749097002682514,453.5109195402292,1536.8166666667064,562.0301724137927,1722.2166666667197,345,0.5578149272410209,0.9869033328110369,0.0,1.0,0.5471497584541063,0.02610759493670886,608,78.51666666666841,5,1722.2166666667197
2023-09-05,equal,,0|2|2|2,,6,6,42.0,6,4,3,0.792481250360578,0.10669722434428314,58,1309,1309.0,2705.6400000000262,7822,2254.700000000014,89,75,14,72.74999999999663,0.8174157303370408,3.0,3.75,0.03125738469139887,435.7448275862044,1184.383333333338,543.5801724137908,1316.2000000000146,264,0.98946914966902,0.99323138978183,0.0,1.0,0.2715909090909091,0.016733067729083666,609,38.1833333333322,5,1316.2000000000146
2023-09-05,volume_proportional,,0|3|1|2,,6,6,42.0,6,4,3,0.7295739585136223,0.09994907053730583,58,1309,1309.0,2705.6400000000053,7822,2254.7000000000157,99,70,29,112.41666666666559,1.1355218855218747,3.0,3.75,0.04749097002682514,453.5109195402292,1536.8166666667064,562.0301724137927,1722.2166666667197,345,0.5578149272410209,0.9869033328110369,0.0,1.0,0.5471497584541063,0.02610759493670886,608,78.51666666666841,5,1722.2166666667197
2023-09-05,entropy_based,0.05,0|2|2|2,equal,6,6,42.0,6,4,3,0.792481250360578,0.10669722434428314,58,1309,1309.0,2705.6400000000262,7822,2254.700000000014,89,75,14,72.74999999999663,0.8174157303370408,3.0,3.75,0.03125738469139887,435.7448275862044,1184.383333333338,543.5801724137908,1316.2000000000146,264,0.98946914966902,0.99323138978183,0.0,1.0,0.2715909090909091,0.016733067729083666,609,38.1833333333322,5,1316.2000000000146
2023-09-07,baseline,,,,6,6,,6,4,3,,,33,715,715.0,1457.3600000000094,4010,1214.4666666666656,40,32,8,37.64999999999953,0.9412499999999883,3.0,3.0,0.030069083019420108,347.91161616161327,943.599999999999,450.8545454545425,1240.8500000000122,249,0.8221688291286366,0.9889856930098093,0.0,1.0,0.45180722891566266,0.017518248175182483,525,22.266666666667106,3,1240.8500000000122
2023-09-07,random,,0|3|1|2,,6,6,42.0,6,4,3,0.7295739585136223,0.24032634032634032,33,715,715.0,1457.3599999999985,4010,1214.4666666666822,68,42,26,100.41666666666404,1.4767156862744713,3.0,5.533333333333303,0.07636925963012921,266.4656565656558,1124.5666666666812,371.31060606060566,1414.7333333333572,283,0.3803300227785885,0.9610124682708977,0.0,1.0,0.7114252061248527,0.054519368723098996,524,71.38333333333298,5,1414.7333333333572
2023-09-07,equal,,0|2|2|2,,6,6,42.0,6,4,3,0.792481250360578,0.19627039627039627,33,715,715.0,1457.360000000004,4010,1214.4666666666456,51,41,10,50.283333333331925,0.9859477124182731,3.0,3.0,0.03975752783817578,194.44949494949344,513.383333333329,297.7752525252503,779.733333333328,156,0.9698068641463925,0.988822685012008,0.0,1.0,0.2676282051282051,0.026277372262773723,525,27.183333333334133,4,779.733333333328
2023-09-07,volume_proportional,,0|3|2|1,,6,6,42.0,6,4,3,0.7295739585136224,0.07365967365967366,33,715,715.0,1457.3600000000022,4010,1214.4666666666465,82,49,33,115.73333333333264,1.4113821138211298,3.0,4.7333333333333485,0.08700446048213385,163.54292929292816,487.7499999999959,268.8520202020184,777.9166666666613,156,0.9516983086740206,0.9767430010075475,0.0,1.0,0.3125,0.06,530,86.36666666666673,5,777.9166666666613
2023-09-07,entropy_based,0.05,0|3|2|1,volume_proportional,6,6,42.0,6,4,3,0.7295739585136224,0.07365967365967366,33,715,715.0,1457.3600000000022,4010,1214.4666666666465,82,49,33,115.73333333333264,1.4113821138211298,3.0,4.7333333333333485,0.08700446048213385,163.54292929292816,487.7499999999959,268.8520202020184,777.9166666666613,156,0.9516983086740206,0.9767430010075475,0.0,1.0,0.3125,0.06,530,86.36666666666673,5,777.9166666666613
2023-09-10,baseline,,,,7,7,,7,4,3,,,39,968,968.0,1047.8200000000013,2042,873.1833333333312,133,31,102,325.73333333333363,2.449122807017546,3.0,4.5,0.2716897198860089,353.5927350427346,1071.7333333333327,458.795726495726,1165.9500000000025,234,0.7395293988542903,0.9354047531454266,0.0,1.0,0.4856837606837607,0.15272727272727274,124,303.23333333333335,6,1165.9500000000025
2023-09-10,random,,0|3|2|2,,7,7,42.0,7,4,3,0.7783283537314115,0.4374262101534829,39,968,968.0,1047.8200000000022,2042,873.1833333333669,388,29,359,1083.7666666666673,2.7932130584192456,3.0,6.0,0.55380396365091,661.576923076925,1580.050000000015,786.2166666666694,1676.9333333333514,336,0.7351429396499497,0.7373373961862182,0.0,1.0,0.5520337301587301,0.4358974358974359,119,1060.283333333333,4,1676.9333333333514
2023-09-10,equal,,0|3|2|2,,7,7,42.0,7,4,3,0.7783283537314115,0.4374262101534829,39,968,968.0,1047.8200000000022,2042,873.1833333333669,388,29,359,1083.7666666666673,2.7932130584192456,3.0,6.0,0.55380396365091,661.576923076925,1580.050000000015,786.2166666666694,1676.9333333333514,336,0.7351429396499497,0.7373373961862182,0.0,1.0,0.5520337301587301,0.4358974358974359,119,1060.283333333333,4,1676.9333333333514
2023-09-10,volume_proportional,,0|1|4|2,,7,7,42.0,7,4,3,0.6893917467430878,0.15171192443919718,39,968,968.0,1047.8200000000018,2042,873.1833333333271,478,46,432,1870.5333333333344,3.9132496513249677,9.0,9.0,0.6817516385924219,426.3777777777774,986.5999999999985,571.1910256410251,1080.4833333333333,217,0.7004088701806319,0.7102276861177436,0.0,1.0,0.45355497037524684,0.5489849955869374,123,1278.016666666666,6,1080.4833333333333
2023-09-10,entropy_based,0.05,0|1|4|2,volume_proportional,7,7,42.0,7,4,3,0.6893917467430878,0.15171192443919718,39,968,968.0,1047.8200000000018,2042,873.1833333333271,478,46,432,1870.5333333333344,3.9132496513249677,9.0,9.0,0.6817516385924219,426.3777777777774,986.5999999999985,571.1910256410251,1080.4833333333333,217,0.7004088701806319,0.7102276861177436,0.0,1.0,0.45355497037524684,0.5489849955869374,123,1278.016666666666,6,1080.4833333333333
2023-09-12,baseline,,,,7,7,,7,4,3,,,86,2021,2021.0,4569.4,13980,3807.833333333564,161,135,26,109.51666666667855,0.6802277432712953,3.0,3.75,0.02795682455401528,666.0327519380037,2520.683333333386,782.0833333333554,3062.2333333333745,613,0.6380768900849508,0.992743993964657,0.0,1.0,0.5195331313602113,0.015484515484515484,641,50.96666666664905,5,3062.2333333333745
2023-09-12,random,,0|3|2|2,,7,7,42.0,7,4,3,0.7783283537314115,0.15459107938078745,86,2021,2021.0,4569.399999999931,13980,3807.8333333336195,192,154,38,158.5499999999939,0.8257812499999683,3.0,3.75,0.0399734434812527,464.0359496124091,1471.7000000000744,580.6566860465209,1935.2166666667445,388,0.9783650979485121,0.9911374882611559,0.0,1.0,0.24073392243495337,0.019890601690701143,643,91.90833333332594,5,1935.2166666667445
2023-09-12,equal,,0|3|2|2,,7,7,42.0,7,4,3,0.7783283537314115,0.15459107938078745,86,2021,2021.0,4569.399999999931,13980,3807.8333333336195,192,154,38,158.5499999999939,0.8257812499999683,3.0,3.75,0.0399734434812527,464.0359496124091,1471.7000000000744,580.6566860465209,1935.2166666667445,388,0.9783650979485121,0.9911374882611559,0.0,1.0,0.24073392243495337,0.019890601690701143,643,91.90833333332594,5,1935.2166666667445
2023-09-12,volume_proportional,,0|3|3|1,,7,7,42.0,7,4,3,0.7244078178625923,0.06474870997384605,86,2021,2021.0,4569.399999999967,13980,3807.833333333588,249,185,64,254.91666666665137,1.0237617135206882,3.0,4.5,0.06274485672675807,411.53391472868384,1174.5666666667053,529.2751937984541,1719.2000000000553,344,0.9388775313815111,0.9876876782729046,0.0,1.0,0.23417774086378737,0.031003937007874016,647,161.11666666663143,6,1719.2000000000553
2023-09-12,entropy_based,0.05,0|3|3|1,volume_proportional,7,7,42.0,7,4,3,0.7244078178625923,0.06474870997384605,86,2021,2021.0,4569.399999999967,13980,3807.833333333588,249,185,64,254.91666666665137,1.0237617135206882,3.0,4.5,0.06274485672675807,411.53391472868384,1174.5666666667053,529.2751937984541,1719.2000000000553,344,0.9388775313815111,0.9876876782729046,0.0,1.0,0.23417774086378737,0.031003937007874016,647,161.11666666663143,6,1719.2000000000553
2023-09-13,baseline,,,,6,6,,6,4,3,,,52,1196,1196.0,2243.659999999975,6108,1869.7166666667965,32,28,4,21.083333333334167,0.6588541666666927,2.248333333332515,3.0,0.011150483040687916,597.0397435897524,1754.7166666667433,702.4012820512934,2110.9333333334093,423,0.8503517220828033,0.9991632734472938,0.0,1.0,0.4843577620173365,0.003639672429481347,558,8.466666666666583,2,2110.9333333334093
2023-09-13,random,,0|3|1|2,,6,6,42.0,6,4,3,0.7295739585136223,0.25390189520624307,52,1196,1196.0,2243.6599999999826,6108,1869.7166666667074,67,51,16,58.18333333332433,0.8684079601988706,3.0,3.0,0.030179642789212806,524.7551282051382,2046.3666666667345,630.8301282051389,2382.2666666667315,467,0.3565291240972888,0.9910660771037731,0.0,1.0,0.7335831548893648,0.015342960288808664,560,38.61666666666568,3,2382.2666666667315
2023-09-13,equal,,0|2|2|2,,6,6,42.0,6,4,3,0.792481250360578,0.11426978818283166,52,1196,1196.0,2243.660000000017,6108,1869.7166666666938,79,58,21,73.46666666667087,0.9299578059072263,3.0,3.0,0.03780737792797199,376.8298076923056,1006.0666666666723,483.1987179487165,1341.9666666666765,259,0.9498034785846868,0.9919318586832011,0.0,1.0,0.305019305019305,0.01891891891891892,563,46.33333333332885,3,1341.9666666666765
2023-09-13,volume_proportional,,0|2|3|1,,6,6,42.0,6,4,3,0.7295739585136224,0.0794314381270903,52,1196,1196.0,2243.6600000000108,6108,1869.7166666666817,82,47,35,104.30000000000305,1.2719512195122324,3.0,3.0,0.05283643332967575,356.1639423076902,937.5666666666732,463.12580128204957,1302.7500000000202,251,0.9030843576892056,0.9855398859999591,0.0,1.0,0.32855245683930945,0.03494623655913978,563,83.30833333333314,3,1302.7500000000202
2023-09-13,entropy_based,0.05,0|2|3|1,volume_proportional,6,6,42.0,6,4,3,0.7295739585136224,0.0794314381270903,52,1196,1196.0,2243.6600000000108,6108,1869.7166666666817,82,47,35,104.30000000000305,1.2719512195122324,3.0,3.0,0.05283643332967575,356.1639423076902,937.5666666666732,463.12580128204957,1302.7500000000202,251,0.9030843576892056,0.9855398859999591,0.0,1.0,0.32855245683930945,0.03494623655913978,563,83.30833333333314,3,1302.7500000000202
2023-09-17,baseline,,,,5,5,,5,4,2,,,50,1245,1245.0,1628.0799999999997,3240,1356.733333333374,122,45,77,245.64999999999756,2.0135245901639145,3.0,3.0,0.1533028925662763,605.4473333333349,1678.7833333333585,712.1950000000023,1786.9333333333627,358,0.799962203459587,0.9708015892831598,0.0,1.0,0.48598696461824953,0.08971962616822429,193,223.7833333333334,4,1786.9333333333627
2023-09-17,random,,0|0|3|2,,5,5,42.0,5,4,2,0.4854752972273344,0.13815261044176705,50,1245,1245.0,1628.080000000004,3240,1356.7333333333597,326,51,275,980.1999999999925,3.006748466257646,6.0,6.0000000000000036,0.41943858047583066,613.6813333333331,1472.1833333333434,735.1200000000001,1544.4833333333468,309,0.8253848391157266,0.8616348489417551,0.0,1.0,0.4374865156418555,0.2875924404272802,192,800.2999999999992,4,1544.4833333333468
2023-09-17,equal,,0|0|3|2,,5,5,42.0,5,4,2,0.4854752972273344,0.13815261044176705,50,1245,1245.0,1628.080000000004,3240,1356.7333333333597,326,51,275,980.1999999999925,3.006748466257646,6.0,6.0000000000000036,0.41943858047583066,613.6813333333331,1472.1833333333434,735.1200000000001,1544.4833333333468,309,0.8253848391157266,0.8616348489417551,0.0,1.0,0.4374865156418555,0.2875924404272802,192,800.2999999999992,4,1544.4833333333468
2023-09-17,volume_proportional,,0|0|2|3,,5,5,42.0,5,4,2,0.4854752972273344,0.06184738955823291,50,1245,1245.0,1628.0800000000024,3240,1356.7333333333452,285,50,235,893.8999999999974,3.1364912280701662,9.0,9.0,0.3971770908929311,564.8974999999996,1398.6333333333384,684.6101666666665,1502.9666666666774,301,0.7807963711712979,0.8275341821216925,0.0,1.0,0.45359911406423037,0.2633333333333333,194,684.6999999999977,4,1502.9666666666774
2023-09-17,entropy_based,0.05,0|0|2|3,volume_proportional,5,5,42.0,5,4,2,0.4854752972273344,0.06184738955823291,50,1245,1245.0,1628.0800000000024,3240,1356.7333333333452,285,50,235,893.8999999999974,3.1364912280701662,9.0,9.0,0.3971770908929311,564.8974999999996,1398.6333333333384,684.6101666666665,1502.9666666666774,301,0.7807963711712979,0.8275341821216925,0.0,1.0,0.45359911406423037,0.2633333333333333,194,684.6999999999977,4,1502.9666666666774
2023-09-19,baseline,,,,7,7,,7,4,3,,,115,2639,2639.0,5138.659999999992,14824,4282.216666665458,228,157,71,248.6083333333141,1.0903874269005005,3.0,4.5,0.05487043382460842,682.4226811593385,2511.6166666663285,790.664637681067,6985.23333333299,742,0.6760502119436655,0.9835867789454898,0.0,1.0,0.5095334360159158,0.031637965558670406,641,169.55000000006808,6,6985.23333333299
2023-09-19,random,,0|3|2|2,,7,7,42.0,7,4,3,0.7783283537314115,0.18378173550587343,115,2639,2639.0,5138.659999999895,14824,4282.216666665454,331,191,140,464.19166666658066,1.4023917421951078,3.0,6.0,0.09779851080379186,653.2650724636849,1833.1999999997533,763.3816666665726,6321.2499999997435,512,0.9206818454535635,0.9759608796526387,0.0,1.0,0.27666015625,0.0578740157480315,642,357.33333333331115,6,6321.2499999997435
2023-09-19,equal,,0|3|2|2,,7,7,42.0,7,4,3,0.7783283537314115,0.18378173550587343,115,2639,2639.0,5138.659999999895,14824,4282.216666665454,331,191,140,464.19166666658066,1.4023917421951078,3.0,6.0,0.09779851080379186,653.2650724636849,1833.1999999997533,763.3816666665726,6321.2499999997435,512,0.9206818454535635,0.9759608796526387,0.0,1.0,0.27666015625,0.0578740157480315,642,357.33333333331115,6,6321.2499999997435
2023-09-19,volume_proportional,,0|4|2|1,,7,7,42.0,7,4,3,0.6893917467430879,0.040924592648730586,115,2639,2639.0,5138.659999999939,14824,4282.216666665453,356,189,167,533.9249999999968,1.4997893258426875,3.0,6.0,0.11086156449581148,559.4270289854427,1541.6416666664727,670.149999999925,5989.1083333331235,501,0.7994744082742571,0.9745417969474521,0.0,1.0,0.35877768272977856,0.06499608457321848,641,424.22500000003816,6,5989.1083333331235
2023-09-19,entropy_based,0.05,0|4|2|1,volume_proportional,7,7,42.0,7,4,3,0.6893917467430879,0.040924592648730586,115,2639,2639.0,5138.659999999939,14824,4282.216666665453,356,189,167,533.9249999999968,1.4997893258426875,3.0,6.0,0.11086156449581148,559.4270289854427,1541.6416666664727,670.149999999925,5989.1083333331235,501,0.7994744082742571,0.9745417969474521,0.0,1.0,0.35877768272977856,0.06499608457321848,641,424.22500000003816,6,5989.1083333331235
2023-09-21,baseline,,,,6,6,,6,4,3,,,75,1735,1735.0,3186.9599999999855,8622,2655.7999999993226,92,80,12,65.40000000002453,0.710869565217658,3.0,3.0,0.024033514625915117,800.0268888888199,2409.0333333331228,905.7095555554779,6239.76666666644,596,0.7660528870086288,0.9947004807345159,0.0,1.0,0.510989932885906,0.008793969849246231,626,27.97500000003265,2,6239.76666666644
2023-09-21,random,,0|3|1|2,,6,6,42.0,6,4,3,0.7295739585136223,0.34399615754082613,75,1735,1735.0,3186.9600000000673,8622,2655.7999999993517,97,54,43,143.68333333331097,1.4812714776629996,3.0,3.0,0.051324946865199665,1047.3146666665532,3705.099999999602,1154.0411111109886,7535.833333332919,833,0.2150099741582441,0.978706603682062,0.0,1.0,0.8312124849939976,0.029887920298879204,622,119.2333333333454,3,7535.833333332919
2023-09-21,equal,,0|2|2|2,,6,6,42.0,6,4,3,0.792481250360578,0.17732949087415945,75,1735,1735.0,3186.9599999999878,8622,2655.7999999993694,151,80,71,235.7666666666049,1.5613686534212243,3.0,3.0,0.08153596089778137,611.0151111110503,1816.3999999998123,718.9693333332634,5647.1333333331295,455,0.9377535608381501,0.9763795656323989,0.0,1.0,0.38575091575091575,0.05295566502463054,625,201.20000000001573,3,5647.1333333331295
2023-09-21,volume_proportional,,0|2|3|1,,6,6,42.0,6,4,3,0.7295739585136224,0.02267050912584051,75,1735,1735.0,3186.9600000000178,8622,2655.7999999993676,170,83,87,396.0500000000223,2.3297058823530725,6.0,6.0,0.12977374379478068,492.3649999999605,1179.2999999999056,602.4563333332857,5010.349999999878,351,0.8570986494201573,0.964235980597677,0.0,1.0,0.33717948717948715,0.07543753771876886,626,254.8999999999919,4,5010.349999999878
2023-09-21,entropy_based,0.05,0|2|3|1,volume_proportional,6,6,42.0,6,4,3,0.7295739585136224,0.02267050912584051,75,1735,1735.0,3186.9600000000178,8622,2655.7999999993676,170,83,87,396.0500000000223,2.3297058823530725,6.0,6.0,0.12977374379478068,492.3649999999605,1179.2999999999056,602.4563333332857,5010.349999999878,351,0.8570986494201573,0.964235980597677,0.0,1.0,0.33717948717948715,0.07543753771876886,626,254.8999999999919,4,5010.349999999878
2023-09-25,baseline,,,,7,7,,7,4,3,,,84,1986,1986.0,3147.779999999996,8122,2623.150000000194,280,77,203,858.499999999949,3.066071428571246,6.0,6.0,0.2465784900836999,708.1148809523854,2025.6666666667406,820.4916666666728,2259.9833333334,452,0.6784664314595285,0.934959838474716,0.0,1.0,0.47831858407079647,0.1506342494714588,601,596.6000000000163,5,2259.9833333334
2023-09-25,random,,0|3|2|2,,7,7,42.0,7,4,3,0.7783283537314115,0.39706517047906775,84,1986,1986.0,3147.7799999999415,8122,2623.149999999888,384,72,312,940.23333333334,2.4485243055555728,3.0,3.000000000000057,0.26385972133226415,1129.832539682541,3025.3833333332973,1243.1823412698413,3262.6166666666254,653,0.7872552996960167,0.7884627464746915,0.0,1.0,0.5406657915846277,0.19559517566858942,601,908.5499999999994,3,3262.6166666666254
2023-09-25,equal,,0|3|2|2,,7,7,42.0,7,4,3,0.7783283537314115,0.39706517047906775,84,1986,1986.0,3147.7799999999415,8122,2623.149999999888,384,72,312,940.23333333334,2.4485243055555728,3.0,3.000000000000057,0.26385972133226415,1129.832539682541,3025.3833333332973,1243.1823412698413,3262.6166666666254,653,0.7872552996960167,0.7884627464746915,0.0,1.0,0.5406657915846277,0.19559517566858942,601,908.5499999999994,3,3262.6166666666254
2023-09-25,volume_proportional,,0|1|5|1,,7,7,42.0,7,4,3,0.5744174271404583,0.06459502229894981,84,1986,1986.0,3147.779999999996,8122,2623.1500000002843,629,82,547,3268.416666666664,5.1962109167991475,12.0,12.0,0.5547618912909144,813.4424603174665,1893.30000000006,954.5087301587397,2064.1166666667295,413,0.6755756187327565,0.7602526717619303,0.0,1.0,0.4734347976478727,0.41045090602612727,601,1624.9166666666408,5,2064.1166666667295
2023-09-25,entropy_based,0.05,0|1|5|1,volume_proportional,7,7,42.0,7,4,3,0.5744174271404583,0.06459502229894981,84,1986,1986.0,3147.779999999996,8122,2623.1500000002843,629,82,547,3268.416666666664,5.1962109167991475,12.0,12.0,0.5547618912909144,813.4424603174665,1893.30000000006,954.5087301587397,2064.1166666667295,413,0.6755756187327565,0.7602526717619303,0.0,1.0,0.4734347976478727,0.41045090602612727,601,1624.9166666666408,5,2064.1166666667295
2023-10-02,baseline,,,,7,7,,7,4,3,,,185,4365,4365.0,8640.300000000125,24258,7200.250000000207,383,297,86,340.5000000000184,0.8890339425587949,3.0,4.5,0.045154659682393426,1411.6101801802067,3910.6333333333046,1523.1547747748025,4089.8999999999673,818,0.8898408542969592,0.993028402203155,0.0,1.0,0.2947112585865642,0.021307506053268765,678,211.56666666665745,6,4089.8999999999673
2023-10-02,random,,0|3|2|2,,7,7,42.0,7,4,3,0.7783283537314115,0.08433971526755035,185,4365,4365.0,8640.300000000067,24258,7200.250000000125,367,272,95,345.0499999998868,0.9401907356945144,3.0,6.0,0.045730454720141846,1339.053648648663,3381.1999999999566,1450.6228378378523,3863.483333333283,773,0.9627456293616784,0.9909485639102229,0.0,1.0,0.26532680342512166,0.020818203824739773,680,217.70833333330162,6,3863.483333333283
2023-10-02,equal,,0|3|2|2,,7,7,42.0,7,4,3,0.7783283537314115,0.08433971526755035,185,4365,4365.0,8640.300000000067,24258,7200.250000000125,367,272,95,345.0499999998868,0.9401907356945144,3.0,6.0,0.045730454720141846,1339.053648648663,3381.1999999999566,1450.6228378378523,3863.483333333283,773,0.9627456293616784,0.9909485639102229,0.0,1.0,0.26532680342512166,0.020818203824739773,680,217.70833333330162,6,3863.483333333283
2023-10-02,volume_proportional,,0|3|3|1,,7,7,42.0,7,4,3,0.7244078178625923,0.06018654884634267,185,4365,4365.0,8640.300000000041,24258,7200.250000000101,383,281,102,346.33333333328295,0.9042645778936892,3.0,6.0,0.04589273291444658,1327.9494144144344,3864.1666666665997,1439.5255405405608,4285.04999999992,858,0.6740180166838419,0.9902524971142744,0.0,1.0,0.4357087357087357,0.023965141612200435,673,226.6333333333193,6,4285.04999999992
2023-10-02,entropy_based,0.05,0|3|3|1,volume_proportional,7,7,42.0,7,4,3,0.7244078178625923,0.06018654884634267,185,4365,4365.0,8640.300000000041,24258,7200.250000000101,383,281,102,346.33333333328295,0.9042645778936892,3.0,6.0,0.04589273291444658,1327.9494144144344,3864.1666666665997,1439.5255405405608,4285.04999999992,858,0.6740180166838419,0.9902524971142744,0.0,1.0,0.4357087357087357,0.023965141612200435,673,226.6333333333193,6,4285.04999999992
2023-10-05,baseline,,,,7,7,,7,4,3,,,100,2308,2308.0,4907.279999999954,14192,4089.400000000177,166,139,27,116.74999999997235,0.7033132530118816,3.0,3.0,0.027756974905785145,864.3361666666814,2340.46666666672,975.6376666666829,2624.333333333385,525,0.9794473749751356,0.9965307594223763,0.0,1.0,0.29994104308390024,0.011659192825112108,665,62.89999999999429,2,2624.333333333385
2023-10-05,random,,0|3|2|2,,7,7,42.0,7,4,3,0.7783283537314115,0.20252537756870512,100,2308,2308.0,4907.279999999892,14192,4089.400000000351,215,158,57,229.10000000002597,1.0655813953489581,3.0,6.0,0.05305082783373995,822.331166666686,2072.250000000081,934.7561666666899,2418.5000000000764,484,0.9584494380711158,0.9786698903510972,0.0,1.0,0.28654073199527746,0.02886323268206039,663,141.71666666666175,6,2418.5000000000764
2023-10-05,equal,,0|3|2|2,,7,7,42.0,7,4,3,0.7783283537314115,0.20252537756870512,100,2308,2308.0,4907.279999999892,14192,4089.400000000351,215,158,57,229.10000000002597,1.0655813953489581,3.0,6.0,0.05305082783373995,822.331166666686,2072.250000000081,934.7561666666899,2418.5000000000764,484,0.9584494380711158,0.9786698903510972,0.0,1.0,0.28654073199527746,0.02886323268206039,663,141.71666666666175,6,2418.5000000000764
2023-10-05,volume_proportional,,0|3|3|1,,7,7,42.0,7,4,3,0.7244078178625923,0.06016340678385738,100,2308,2308.0,4907.279999999941,14192,4089.4000000003048,255,201,54,204.54999999999725,0.8021568627450872,3.0,4.5,0.04763679129938236,669.5317500000068,1554.158333333391,781.7112500000098,1838.0250000000601,368,0.983827779078365,0.9892038871607605,0.0,1.0,0.1938276397515528,0.024922118380062305,662,121.44166666667132,6,1838.0250000000601
2023-10-05,entropy_based,0.05,0|3|3|1,volume_proportional,7,7,42.0,7,4,3,0.7244078178625923,0.06016340678385738,100,2308,2308.0,4907.279999999941,14192,4089.4000000003048,255,201,54,204.54999999999725,0.8021568627450872,3.0,4.5,0.04763679129938236,669.5317500000068,1554.158333333391,781.7112500000098,1838.0250000000601,368,0.983827779078365,0.9892038871607605,0.0,1.0,0.1938276397515528,0.024922118380062305,662,121.44166666667132,6,1838.0250000000601
2023-10-06,baseline,,,,6,6,,6,4,3,,,55,1247,1247.0,2286.6799999999757,6534,1905.5666666741108,70,48,22,75.16666666685705,1.0738095238122436,3.0,3.75,0.03794890781187136,508.4806060613227,1590.5833333358569,612.5121212129776,23187.550000002713,394,0.9278973280144234,0.9907630006441268,0.0,1.0,0.43557529610829104,0.021739130434782608,604,50.083333332800976,5,23187.550000002713
2023-10-06,random,,0|3|1|2,,6,6,42.0,6,4,3,0.7295739585136223,0.2571504945201818,55,1247,1247.0,2286.6799999999885,6534,1905.5666666741108,71,51,20,75.78333333312912,1.067370892015903,3.0,3.0,0.0382483323657366,469.84803030360933,1626.4583333357405,573.8907575764682,23219.575000002693,400,0.5564517797219657,0.9892476083946057,0.0,1.0,0.581,0.02175805047867711,602,53.666666666191304,3,23219.575000002693
2023-10-06,equal,,0|2|2|2,,6,6,42.0,6,4,3,0.792481250360578,0.2571504945201818,55,1247,1247.0,2286.680000000006,6534,1905.5666666741108,75,52,23,80.00833333233822,1.0667777777645098,3.0,3.0,0.0402947928595386,462.3309090914178,1387.241666668324,566.4504545460806,22990.225000001952,355,0.9001498477303694,0.9893287800132543,0.0,1.0,0.4107981220657277,0.025239338555265448,605,58.949999999589636,3,22990.225000001952
2023-10-06,volume_proportional,,0|3|2|1,,6,6,42.0,6,4,3,0.7295739585136224,0.09048382785351514,55,1247,1247.0,2286.6800000000235,6534,1905.5666666741108,97,76,21,81.58333333182964,0.8410652920807179,3.0,3.0,0.04105544791867033,329.59303030338754,869.6000000010899,433.741212121678,22473.183333334702,251,0.8687797598024299,0.9911987259564088,0.0,1.0,0.31879150066401063,0.019130434782608695,605,52.750000000152795,4,22473.183333334702
2023-10-06,entropy_based,0.05,0|3|2|1,volume_proportional,6,6,42.0,6,4,3,0.7295739585136224,0.09048382785351514,55,1247,1247.0,2286.6800000000235,6534,1905.5666666741108,97,76,21,81.58333333182964,0.8410652920807179,3.0,3.0,0.04105544791867033,329.59303030338754,869.6000000010899,433.741212121678,22473.183333334702,251,0.8687797598024299,0.9911987259564088,0.0,1.0,0.31879150066401063,0.019130434782608695,605,52.750000000152795,4,22473.183333334702
2023-10-12,baseline,,,,6,6,,6,4,3,,,65,1493,1493.0,3113.3199999999697,8716,2594.4333333334453,74,57,17,55.999999999999176,0.7567567567567456,3.0,3.0,0.021128620477153484,568.4466666666744,1948.2000000000821,678.1302564102659,2256.2666666667396,452,0.7854219116699492,0.9944277425064904,0.0,1.0,0.4818952802359882,0.011188811188811189,602,30.36666666666521,2,2256.2666666667396
2023-10-12,random,,0|3|1|2,,6,6,42.0,6,4,3,0.7295739585136223,0.25128376869837016,65,1493,1493.0,3113.320000000037,8716,2594.433333333352,99,79,20,75.51666666666591,0.7627946127946051,3.0,3.0,0.028283925416830055,717.2488461538592,2723.5166666667037,827.2326923077055,3015.0666666666957,604,0.3691917909648188,0.9866895652334096,0.0,1.0,0.7176048565121412,0.018815331010452963,606,41.42499999999836,3,3015.0666666666957
2023-10-12,equal,,0|2|2|2,,6,6,42.0,6,4,3,0.792481250360578,0.18396963607948202,65,1493,1493.0,3113.319999999983,8716,2594.433333333479,115,95,20,78.01666666667198,0.6784057971014954,3.0,6.0,0.02919293781611165,504.4823076923093,1344.1500000000358,614.5046153846193,1587.0166666667094,318,0.9740633795408655,0.9896234974249049,0.0,1.0,0.25246331236897274,0.018118466898954706,606,38.983333333334514,3,1587.0166666667094
2023-10-12,volume_proportional,,0|3|2|1,,6,6,42.0,6,4,3,0.7295739585136224,0.0846171020317035,65,1493,1493.0,3113.320000000005,8716,2594.433333333407,139,114,25,92.24999999999726,0.6636690647481818,3.0,3.0,0.034336015285263054,437.7826923076914,1231.6500000000271,548.0239743589746,1523.2000000000387,305,0.9786567214274691,0.9916621263633822,0.0,1.0,0.28032786885245903,0.019485038274182326,608,50.250000000001506,2,1523.2000000000387
2023-10-12,entropy_based,0.05,0|3|2|1,volume_proportional,6,6,42.0,6,4,3,0.7295739585136224,0.0846171020317035,65,1493,1493.0,3113.320000000005,8716,2594.433333333407,139,114,25,92.24999999999726,0.6636690647481818,3.0,3.0,0.034336015285263054,437.7826923076914,1231.6500000000271,548.0239743589746,1523.2000000000387,305,0.9786567214274691,0.9916621263633822,0.0,1.0,0.28032786885245903,0.019485038274182326,608,50.250000000001506,2,1523.2000000000387
2023-10-13,baseline,,,,8,8,,8,4,3,,,68,1475,1475.0,3231.939999999998,9106,2693.283333332174,108,97,11,66.00000000021635,0.6111111111131143,3.0,5.766666666670062,0.023919254395853594,407.6513480391393,1423.699999999757,513.3025735293215,16535.649999999892,385,0.7696845507149384,0.9943911141786955,0.0,1.0,0.44606060606060605,0.010395010395010396,616,25.533333333369228,4,16535.649999999892
2023-10-13,random,,0|3|2|3,,8,8,42.0,8,4,3,0.7806390622295665,0.20076271186440675,68,1475,1475.0,3231.939999999986,9106,2693.283333331985,163,115,48,176.13333333318684,1.0805725971361155,3.0,3.0,0.06138297563382056,386.3368872548074,1260.1333333330094,493.6077205881187,16380.566666666313,352,0.8966422220278574,0.9622501894933103,0.0,1.0,0.37318046536796534,0.04294478527607362,613,123.483333333279,4,16380.566666666313
2023-10-13,equal,,0|3|3|2,,8,8,42.0,8,4,3,0.7806390622295665,0.07576271186440676,68,1475,1475.0,3231.940000000031,9106,2693.283333331985,161,121,40,150.5333333334757,0.9349896480340105,3.0,3.0,0.052933557601652546,294.5776960783729,718.9833333331935,401.4720588234534,15847.599999999813,245,0.955477845713078,0.9794647372372558,0.0,1.0,0.23292031098153546,0.03219178082191781,613,99.24999999998181,4,15847.599999999813
2023-10-13,volume_proportional,,0|3|4|1,,8,8,42.0,8,4,3,0.7028195311147832,0.06203389830508475,68,1475,1475.0,3231.9400000000205,9106,2693.283333331985,185,138,47,197.0666666669868,1.0652252252269556,3.0,6.0,0.06818090081376198,281.78259803915756,804.6333333331895,389.36127450973083,15864.883333333164,248,0.855678081020278,0.9824452041343933,0.0,1.0,0.3021457373271889,0.04087193460490463,613,116.8499999999949,4,15864.883333333164
2023-10-13,entropy_based,0.05,0|3|4|1,volume_proportional,8,8,42.0,8,4,3,0.7028195311147832,0.06203389830508475,68,1475,1475.0,3231.9400000000205,9106,2693.283333331985,185,138,47,197.0666666669868,1.0652252252269556,3.0,6.0,0.06818090081376198,281.78259803915756,804.6333333331895,389.36127450973083,15864.883333333164,248,0.855678081020278,0.9824452041343933,0.0,1.0,0.3021457373271889,0.04087193460490463,613,116.8499999999949,4,15864.883333333164
2023-10-16,baseline,,,,5,5,,5,4,3,,,54,1232,1232.0,2953.6399999999676,8886,2461.366666666788,68,55,13,48.20000000001937,0.7088235294120496,2.6658333333336883,3.0,0.019206503114754206,622.4716049382773,1843.500000000075,737.3895061728479,2142.4500000000708,429,0.7119046842448866,0.9948114317298252,0.0,1.0,0.49902874902874905,0.00963855421686747,623,25.69999999999996,2,2142.4500000000708
2023-10-16,random,,0|2|1|2,,5,5,42.0,5,4,3,0.7609640474436812,0.20909090909090913,54,1232,1232.0,2953.640000000018,8886,2461.366666666737,58,44,14,43.22500000000504,0.7452586206897421,2.5466666666666917,3.0,0.01725830225153285,635.4388888889025,2268.3500000000868,750.2646604938421,2570.3833333334087,515,0.4431421502074314,0.9922530754644661,0.0,1.0,0.6708414239482201,0.010458567980691875,615,25.98333333333402,3,2570.3833333334087
2023-10-16,equal,,0|2|2|1,,5,5,42.0,5,4,3,0.7609640474436812,0.03392857142857145,54,1232,1232.0,2953.640000000003,8886,2461.3666666667236,89,72,17,63.333333333352144,0.7116104868915971,2.6833333333334393,3.0,0.025085488704935335,443.93148148147907,1070.9833333333534,559.1296296296287,1353.9000000000249,271,0.9819373547766681,0.992929190837601,0.0,1.0,0.2456949569495695,0.014434643143544507,619,32.01666666666523,4,1353.9000000000249
2023-10-16,volume_proportional,,0|2|2|1,,5,5,42.0,5,4,3,0.7609640474436812,0.03392857142857145,54,1232,1232.0,2953.640000000003,8886,2461.3666666667236,89,72,17,63.333333333352144,0.7116104868915971,2.6833333333334393,3.0,0.025085488704935335,443.93148148147907,1070.9833333333534,559.1296296296287,1353.9000000000249,271,0.9819373547766681,0.992929190837601,0.0,1.0,0.2456949569495695,0.014434643143544507,619,32.01666666666523,4,1353.9000000000249
2023-10-16,entropy_based,0.05,0|2|2|1,equal,5,5,42.0,5,4,3,0.7609640474436812,0.03392857142857145,54,1232,1232.0,2953.640000000003,8886,2461.3666666667236,89,72,17,63.333333333352144,0.7116104868915971,2.6833333333334393,3.0,0.025085488704935335,443.93148148147907,1070.9833333333534,559.1296296296287,1353.9000000000249,271,0.9819373547766681,0.992929190837601,0.0,1.0,0.2456949569495695,0.014434643143544507,619,32.01666666666523,4,1353.9000000000249
2023-10-17,baseline,,,,6,6,,6,4,3,,,20,410,410.0,956.4999999999999,2830,797.0833333333455,28,23,5,29.95000000000539,1.0696428571430496,3.0,3.0,0.03621377614768218,76.54083333333278,321.5000000000023,179.39250000000033,1156.2666666666787,148,0.824098355198055,0.983601262655743,0.0,1.0,0.4605855855855856,0.031026252983293555,467,15.066666666667743,4,1156.2666666666787
2023-10-17,random,,0|3|1|2,,6,6,42.0,6,4,3,0.7295739585136223,0.20162601626016258,20,410,410.0,956.5000000000036,2830,797.0833333333555,37,36,1,30.899999999999636,0.8351351351351253,2.8000000000003644,3.75,0.03731959177922119,75.38083333333452,468.01666666668916,178.28000000000227,1360.7166666667013,185,0.4467951462746466,0.9840131197715432,0.0,1.0,0.6975675675675675,0.01909307875894988,473,7.500000000000455,5,1360.7166666667013
2023-10-17,equal,,0|2|2|2,,6,6,42.0,6,4,3,0.792481250360578,0.2016260162601626,20,410,410.0,956.5000000000002,2830,797.0833333333253,40,37,3,36.33333333333053,0.9083333333332633,3.0,3.75,0.043595640435953605,58.106666666665916,234.54999999999586,161.2774999999987,1127.4166666666742,142,0.7440744545044817,0.987463294762957,0.0,1.0,0.4963615023474178,0.0215311004784689,474,12.96666666666647,5,1127.4166666666742
2023-10-17,volume_proportional,,0|3|2|1,,6,6,42.0,6,4,3,0.7295739585136224,0.034959349593495934,20,410,410.0,956.5000000000001,2830,797.0833333333258,48,43,5,53.20000000000164,1.1083333333333674,5.212499999999997,6.0,0.06256737950095302,46.16583333333287,236.4833333333304,150.17999999999924,1129.1833333333423,138,0.6673378738618638,0.9797087935418851,0.0,1.0,0.5339371980676328,0.03546099290780142,472,17.583333333333485,5,1129.1833333333423
2023-10-17,entropy_based,0.05,0|3|2|1,volume_proportional,6,6,42.0,6,4,3,0.7295739585136224,0.034959349593495934,20,410,410.0,956.5000000000001,2830,797.0833333333258,48,43,5,53.20000000000164,1.1083333333333674,5.212499999999997,6.0,0.06256737950095302,46.16583333333287,236.4833333333304,150.17999999999924,1129.1833333333423,138,0.6673378738618638,0.9797087935418851,0.0,1.0,0.5339371980676328,0.03546099290780142,472,17.583333333333485,5,1129.1833333333423
2023-10-18,baseline,,,,5,5,,5,4,2,,,33,729,729.0,1362.9799999999927,3604,1135.8166666667084,26,25,1,12.983333333332233,0.49935897435893206,1.3708333333333478,2.25,0.011301648096563173,483.56010101010355,1563.3500000000424,584.6449494949533,1712.1333333333794,343,0.31313597394236026,0.9944966579836071,0.0,1.0,0.7739067055393586,0.004484304932735426,472,2.216666666666754,3,1712.1333333333794
2023-10-18,random,,0|3|2|0,,5,5,42.0,5,4,2,0.4854752972273344,0.021399176954732507,33,729,729.0,1362.980000000001,3604,1135.816666666649,64,54,10,40.73333333333197,0.636458333333312,3.0,3.0,0.03462099641607465,262.476262626262,522.4333333333294,364.402020202019,728.3999999999954,146,0.915218048042227,0.9897913704752973,0.0,1.0,0.27557077625570775,0.017777777777777778,477,19.51666666666756,4,728.3999999999954
2023-10-18,equal,,0|3|2|0,,5,5,42.0,5,4,2,0.4854752972273344,0.021399176954732507,33,729,729.0,1362.980000000001,3604,1135.816666666649,64,54,10,40.73333333333197,0.636458333333312,3.0,3.0,0.03462099641607465,262.476262626262,522.4333333333294,364.402020202019,728.3999999999954,146,0.915218048042227,0.9897913704752973,0.0,1.0,0.27557077625570775,0.017777777777777778,477,19.51666666666756,4,728.3999999999954
2023-10-18,volume_proportional,,0|3|2|0,,5,5,42.0,5,4,2,0.4854752972273344,0.021399176954732507,33,729,729.0,1362.980000000001,3604,1135.816666666649,64,54,10,40.73333333333197,0.636458333333312,3.0,3.0,0.03462099641607465,262.476262626262,522.4333333333294,364.402020202019,728.3999999999954,146,0.915218048042227,0.9897913704752973,0.0,1.0,0.27557077625570775,0.017777777777777778,477,19.51666666666756,4,728.3999999999954
2023-10-18,entropy_based,0.05,0|3|2|0,random,5,5,42.0,5,4,2,0.4854752972273344,0.021399176954732507,33,729,729.0,1362.980000000001,3604,1135.816666666649,64,54,10,40.73333333333197,0.636458333333312,3.0,3.0,0.03462099641607465,262.476262626262,522.4333333333294,364.402020202019,728.3999999999954,146,0.915218048042227,0.9897913704752973,0.0,1.0,0.27557077625570775,0.017777777777777778,477,19.51666666666756,4,728.3999999999954
2023-10-19,baseline,,,,4,4,,4,4,3,,,21,432,432.0,1056.7400000000077,3134,880.6166666666478,16,15,1,8.800000000002342,0.5500000000001464,1.6041666666668206,1.9166666666672825,0.009894125363068497,218.41111111110965,582.5499999999935,322.4785714285692,939.4499999999917,186,0.7934375277649769,0.9971579740830114,0.0,1.0,0.5152329749103942,0.004555808656036446,518,2.6666666666672825,2,939.4499999999917
2023-10-19,random,,0|2|1|1,,4,4,42.0,4,4,3,0.75,0.49074074074074076,21,432,432.0,1056.739999999984,3134,880.6166666667208,7,6,1,6.516666666667078,0.9309523809524397,2.2583333333332605,2.583333333333229,0.007345757871796811,465.0865079365107,1290.0666666667144,569.0452380952435,1628.7500000000578,324,0.28444061829805983,0.9909544121351762,0.0,1.0,0.8477366255144033,0.0091324200913242,512,3.333333333333229,2,1628.7500000000578
2023-10-19,equal,,0|2|1|1,,4,4,42.0,4,4,3,0.75,0.49074074074074076,21,432,432.0,1056.739999999984,3134,880.6166666667208,7,6,1,6.516666666667078,0.9309523809524397,2.2583333333332605,2.583333333333229,0.007345757871796811,465.0865079365107,1290.0666666667144,569.0452380952435,1628.7500000000578,324,0.28444061829805983,0.9909544121351762,0.0,1.0,0.8477366255144033,0.0091324200913242,512,3.333333333333229,2,1628.7500000000578
2023-10-19,volume_proportional,,0|1|2|1,,4,4,42.0,4,4,3,0.75,0.24074074074074073,21,432,432.0,1056.740000000008,3134,880.6166666666473,12,12,0,6.300000000001091,0.525000000000091,1.0874999999999995,1.5,0.007103260358922734,209.52936507936374,503.21666666666124,313.4777777777756,849.1833333333257,168,0.93202012002551,0.9973208927661509,0.0,1.0,0.42658730158730157,0.004555808656036446,516,0.75,2,849.1833333333257
2023-10-19,entropy_based,0.05,0|1|2|1,volume_proportional,4,4,42.0,4,4,3,0.75,0.24074074074074073,21,432,432.0,1056.740000000008,3134,880.6166666666473,12,12,0,6.300000000001091,0.525000000000091,1.0874999999999995,1.5,0.007103260358922734,209.52936507936374,503.21666666666124,313.4777777777756,849.1833333333257,168,0.93202012002551,0.9973208927661509,0.0,1.0,0.42658730158730157,0.004555808656036446,516,0.75,2,849.1833333333257
