selected_date,zone_id,workload,workload_share,microzone_concentration,microzone_entropy_normalized,volume_workers,entropy_workers,worker_delta_entropy_minus_volume,volume_worker_share,entropy_worker_share,volume_abs_demand_gap,entropy_abs_demand_gap,volume_pair_risk_contribution,entropy_pair_risk_contribution
2023-07-24,Z01,374.0,0.3991462113127001,0.0407321723443573,0.9592678276556428,2,3,1,0.2857142857142857,0.42857142857142855,0.11343192559841442,0.02942521725872843,0.0407321723443573,0.12219651703307188
2023-07-24,Z02,47.0,0.0501600853788687,0.1827985039334504,0.8172014960665496,1,1,0,0.14285714285714285,0.14285714285714285,0.09269705747827414,0.09269705747827414,0.0,0.0
2023-07-24,Z03,458.0,0.4887940234791889,0.1981456538206015,0.8018543461793984,3,2,-1,0.42857142857142855,0.2857142857142857,0.06022259490776033,0.20307973776490318,0.5944369614618046,0.1981456538206015
2023-07-24,Z04,58.0,0.0618996798292422,0.0970931524865198,0.9029068475134802,1,1,0,0.14285714285714285,0.14285714285714285,0.08095746302790065,0.08095746302790065,0.0,0.0
2023-07-25,Z01,276.0,0.4169184290030212,0.1336759645983645,0.8663240354016355,1,2,1,0.2,0.4,0.21691842900302116,0.01691842900302115,0.0,0.1336759645983645
2023-07-25,Z02,32.0,0.0483383685800604,0.2691890624988442,0.7308109375011558,1,1,0,0.2,0.2,0.1516616314199396,0.1516616314199396,0.0,0.0
2023-07-25,Z03,332.0,0.5015105740181269,0.3447623148408425,0.6552376851591575,2,1,-1,0.4,0.2,0.10151057401812691,0.3015105740181269,0.3447623148408425,0.0
2023-07-25,Z04,22.0,0.0332326283987915,0.255406805536193,0.744593194463807,1,1,0,0.2,0.2,0.16676737160120852,0.16676737160120852,0.0,0.0
2023-08-10,Z01,366.0,0.6039603960396039,0.2662037003342573,0.7337962996657427,5,3,-2,0.625,0.375,0.02103960396039606,0.22896039603960394,2.6620370033425726,0.7986111010027719
2023-08-10,Z02,114.0,0.1881188118811881,0.2674401087057233,0.7325598912942767,1,2,1,0.125,0.25,0.06311881188118809,0.06188118811881191,0.0,0.2674401087057233
2023-08-10,Z03,126.0,0.2079207920792079,0.1299130982829788,0.8700869017170212,2,3,1,0.25,0.375,0.04207920792079209,0.1670792079207921,0.1299130982829788,0.38973929484893644
2023-08-10,Z04,0.0,0.0,0.0871129419106153,0.9128870580893846,0,0,0,0.0,0.0,0.0,0.0,0.0,0.0
2023-08-24,Z01,925.0,0.3338145073980512,0.1234045716912589,0.876595428308741,2,2,0,0.2857142857142857,0.2857142857142857,0.04810022168376549,0.04810022168376549,0.1234045716912589,0.1234045716912589
2023-08-24,Z02,498.0,0.17971851317214,0.2797868868178805,0.7202131131821194,1,1,0,0.14285714285714285,0.14285714285714285,0.036861370314997144,0.036861370314997144,0.0,0.0
2023-08-24,Z03,1197.0,0.4319740166005052,0.4756212173960825,0.5243787826039175,3,2,-1,0.42857142857142855,0.2857142857142857,0.0034025880290766697,0.14625973088621952,1.4268636521882474,0.4756212173960825
2023-08-24,Z04,151.0,0.0544929628293035,0.0121038470577918,0.987896152942208,1,2,1,0.14285714285714285,0.2857142857142857,0.08836418002783936,0.2312213228849822,0.0,0.0121038470577918
2023-09-25,Z01,415.0,0.2089627391742195,0.0192449189098805,0.9807550810901194,1,3,2,0.14285714285714285,0.42857142857142855,0.06610559631707666,0.21960868939720904,0.0,0.0577347567296415
2023-09-25,Z02,122.0,0.0614300100704934,0.2311160463804292,0.7688839536195707,1,1,0,0.14285714285714285,0.14285714285714285,0.08142713278664945,0.08142713278664945,0.0,0.0
2023-09-25,Z03,1281.0,0.6450151057401813,0.4970422979508068,0.5029577020491932,4,2,-2,0.5714285714285714,0.2857142857142857,0.07358653431160989,0.3593008200258956,2.982253787704841,0.4970422979508068
2023-09-25,Z04,168.0,0.0845921450151057,0.0619445827552465,0.9380554172447536,1,1,0,0.14285714285714285,0.14285714285714285,0.05826499784203715,0.05826499784203715,0.0,0.0
2023-10-05,Z01,1284.0,0.5563258232235702,0.0158093446161606,0.9841906553838392,3,4,1,0.42857142857142855,0.5714285714285714,0.1277543946521416,0.015102748205001237,0.04742803384848181,0.09485606769696361
2023-10-05,Z02,144.0,0.0623916811091854,0.1540634669164058,0.8459365330835942,1,1,0,0.14285714285714285,0.14285714285714285,0.08046546174795745,0.08046546174795745,0.0,0.0
2023-10-05,Z03,783.0,0.3392547660311958,0.1174778267008652,0.8825221732991347,2,1,-1,0.2857142857142857,0.14285714285714285,0.05354048031691011,0.19639762317405296,0.1174778267008652,0.0
2023-10-05,Z04,97.0,0.0420277296360485,0.0103945074404908,0.9896054925595092,1,1,0,0.14285714285714285,0.14285714285714285,0.10082941322109434,0.10082941322109434,0.0,0.0
2023-10-06,Z01,662.0,0.5308740978348035,0.016189130503174,0.983810869496826,2,3,1,0.3333333333333333,0.5,0.19754076450147023,0.03087409783480355,0.016189130503174,0.048567391509521995
2023-10-06,Z02,47.0,0.0376904570970328,0.1738981713665069,0.826101828633493,1,1,0,0.16666666666666666,0.16666666666666666,0.12897620956963385,0.12897620956963385,0.0,0.0
2023-10-06,Z03,488.0,0.3913392141138733,0.2266430915059729,0.773356908494027,2,1,-1,0.3333333333333333,0.16666666666666666,0.058005880780539976,0.22467254744720663,0.2266430915059729,0.0
2023-10-06,Z04,50.0,0.0400962309542902,0.0362873159080471,0.9637126840919528,1,1,0,0.16666666666666666,0.16666666666666666,0.12657043571237647,0.12657043571237647,0.0,0.0
2023-10-18,Z01,504.0,0.691358024691358,0.0866122534004413,0.9133877465995588,3,4,1,0.6,0.8,0.09135802469135801,0.10864197530864206,0.2598367602013239,0.5196735204026478
2023-10-18,Z02,0.0,0.0,0.3951960544413357,0.6048039455586642,0,0,0,0.0,0.0,0.0,0.0,0.0,0.0
2023-10-18,Z03,225.0,0.3086419753086419,0.3661197332484014,0.6338802667515986,2,1,-1,0.4,0.2,0.09135802469135812,0.10864197530864189,0.3661197332484014,0.0
2023-10-18,Z04,0.0,0.0,0.1218174304847546,0.8781825695152453,0,0,0,0.0,0.0,0.0,0.0,0.0,0.0
